date, pm25, pm10, o3, no2, so2, co
2026/5/1, 42, 19, , 8, , 
2026/5/2, 41, 14, , 11, , 
2026/5/3, 38, 20, , 14, , 
2026/5/4, 34, 21, , 12, , 
2026/5/5, 36, 15, , 12, 1, 
2026/5/6, 31, 11, , 10, 3, 
2026/5/7, 24, 10, , 4, , 
2026/5/8, 30, 15, , 2, , 
2026/5/9, 47, 11, , 3, 1, 
2026/5/10, 40, 11, , 10, 1, 
2026/5/11, 33, 9, , 8, 1, 
2026/5/12, 25, 10, , 6, 1, 
2026/5/13, 25, 13, , 9, 1, 
2026/5/14, 30, 11, , 11, 2, 
2026/5/15, 31, 10, , 6, 1, 
2026/5/16, 28, 10, , 5, , 
2026/5/17, 33, 17, , 9, , 
2026/5/18, 50, 19, , 8, 1, 
2026/5/19, 49, 15, , 8, 1, 
2026/5/20, 40, 14, , 11, , 
2026/5/21, 43, 15, , 7, , 
2026/5/22, 34, 14, , 6, , 
2026/5/23, 35, 17, , 6, , 
2026/5/24, 51, 12, , 5, , 
2026/5/25, 26, 20, , 8, 1, 
2026/5/26, 41, , , , , 
2026/4/1, 33, 18, , 9, 1, 
2026/4/2, 53, 17, , 7, 2, 
2026/4/3, 55, 19, , 7, 2, 
2026/4/4, 54, 11, , 5, 1, 
2026/4/5, 31, 10, , 2, 1, 
2026/4/6, 15, 16, , 5, 2, 
2026/4/7, 26, 12, , 5, 1, 
2026/4/8, 34, 19, , 7, 2, 
2026/4/9, 55, 31, , 8, 2, 
2026/4/10, 77, 30, , 11, 2, 
2026/4/11, 75, 27, , 8, 2, 
2026/4/12, 75, 18, , 6, 4, 
2026/4/13, 48, 16, , 6, 2, 
2026/4/14, 42, 31, , 14, 1, 
2026/4/15, 86, 40, , 14, , 
2026/4/16, 103, 26, , 11, 1, 
2026/4/17, 64, 16, , 9, , 
2026/4/18, 42, 21, , 8, , 
2026/4/19, 61, 9, , 4, , 
2026/4/20, 27, 13, , 4, , 
2026/4/21, 39, 15, , 8, , 
2026/4/22, 32, 17, , 6, 1, 
2026/4/23, 33, 17, , 9, 1, 
2026/4/24, 37, 21, , 6, , 
2026/4/25, 45, 15, , 2, , 
2026/4/26, 17, 17, , 8, , 
2026/4/27, 28, 14, , 6, , 
2026/4/28, 27, 14, , 6, , 
2026/4/29, 27, 20, , 7, , 
2026/4/30, 37, 19, , 8, 1, 
2026/1/1, 49, 10, , 7, 1, 
2026/1/2, 24, 10, , 5, 1, 
2026/1/3, 21, 11, , 6, 1, 
2026/1/4, 29, 27, , 10, 1, 
2026/1/5, 71, 48, , 13, 5, 
2026/1/6, 138, 39, , 9, 3, 
2026/1/7, 100, 38, , 13, 2, 
2026/1/8, 103, 41, , 18, 3, 
2026/1/9, 81, 35, , 10, 3, 
2026/1/10, 99, 17, , 7, 3, 
2026/1/11, 56, 23, , 15, 2, 
2026/1/12, 59, 45, , 15, 2, 
2026/1/13, 124, 53, , 20, 3, 
2026/1/14, 151, 37, , 13, 2, 
2026/1/15, 98, 37, , 9, 1, 
2026/1/16, 105, 50, , 8, 1, 
2026/1/17, 138, 50, , 11, 2, 
2026/1/18, 123, 70, , 26, 2, 
2026/1/19, 176, 96, , 29, 3, 
2026/1/20, 203, 82, , 32, 2, 
2026/1/21, 186, 80, , 27, 3, 
2026/1/22, 189, 62, , 9, 4, 
2026/1/23, 156, 44, , 7, 2, 
2026/1/24, 116, 45, , 7, 2, 
2026/1/25, 123, 37, , 18, 2, 
2026/1/26, 95, 51, , 20, 1, 
2026/1/27, 129, 59, , 16, 2, 
2026/1/28, 156, 26, , 7, 1, 
2026/1/29, 81, 20, , 6, 2, 
2026/1/30, 66, 23, , 4, 2, 
2026/1/31, 68, 22, , 4, 4, 
2026/2/1, 62, 29, , 5, 4, 
2026/2/2, 79, 41, , 7, 4, 
2026/2/3, 110, 47, , 9, 2, 
2026/2/4, 137, 37, , 8, 2, 
2026/2/5, 108, 25, , 10, 1, 
2026/2/6, 85, 51, , 13, 1, 
2026/2/7, 143, 32, , 7, , 
2026/2/8, 94, 22, , 7, 1, 
2026/2/9, 77, 34, , 15, 2, 
2026/2/10, 106, 19, , 16, 1, 
2026/2/11, 75, 12, , 16, 1, 
2026/2/12, 31, 12, , 11, 1, 
2026/2/13, 37, 18, , 7, 1, 
2026/2/14, 61, 20, , 5, , 
2026/2/15, 65, 29, , 6, 1, 
2026/2/16, 82, 43, , 17, 2, 
2026/2/17, 119, 31, , 16, , 
2026/2/18, 94, 53, , 7, 1, 
2026/2/19, 136, 40, , 7, 1, 
2026/2/20, 100, 36, , 13, 1, 
2026/2/21, 98, 14, , 10, 2, 
2026/2/22, 48, 10, , 11, , 
2026/2/23, 28, 9, , 9, , 
2026/2/24, 29, 17, , 11, 1, 
2026/2/25, 48, 37, , 15, 1, 
2026/2/26, 90, 41, , 18, 1, 
2026/2/27, 103, 47, , 13, 1, 
2026/2/28, 107, 32, , 10, 1, 
2026/3/1, 100, 17, , 11, , 
2026/3/2, 47, 35, , 16, 1, 
2026/3/3, 87, 40, , 15, 1, 
2026/3/4, 102, 34, , 16, 1, 
2026/3/5, 79, 42, , 15, 1, 
2026/3/6, 106, 52, , 13, 1, 
2026/3/7, 124, 49, , 10, 3, 
2026/3/8, 135, 39, , 15, 2, 
2026/3/9, 95, 27, , 13, 1, 
2026/3/10, 73, 31, , 16, 1, 
2026/3/11, 77, 34, , 16, 1, 
2026/3/12, 83, 31, , 16, , 
2026/3/13, 73, 27, , 11, 1, 
2026/3/14, 68, 27, , 8, 1, 
2026/3/15, 65, 31, , 12, 1, 
2026/3/16, 79, 23, , 7, 1, 
2026/3/17, 69, 28, , 7, 1, 
2026/3/18, 68, 31, , 15, 1, 
2026/3/19, 79, 32, , 10, 1, 
2026/3/20, 95, 19, , 4, , 
2026/3/21, 50, 26, , 5, 1, 
2026/3/22, 69, 31, , 15, 2, 
2026/3/23, 69, 49, , 21, 3, 
2026/3/24, 109, 36, , 15, 1, 
2026/3/25, 86, 14, , 8, 1, 
2026/3/26, 37, 14, , 8, 1, 
2026/3/27, 41, 28, , 8, 1, 
2026/3/28, 76, 33, , 6, 2, 
2026/3/29, 80, 20, , 10, 2, 
2026/3/30, 59, 15, , 9, 1, 
2026/3/31, 47, 13, , 10, 1, 
2025/10/1, 39, 17, , 7, , 
2025/10/2, 49, 17, , 7, 1, 
2025/10/3, 65, 16, , 4, 2, 
2025/10/4, 54, 8, , 7, 1, 
2025/10/5, 24, 10, , 10, 1, 
2025/10/6, 31, 7, , 9, 1, 
2025/10/7, 26, 16, , 8, 1, 
2025/10/8, 56, 19, , 11, 1, 
2025/10/9, 63, 13, , 9, 1, 
2025/10/10, 33, 10, , 7, 1, 
2025/10/11, 32, 14, , 6, 1, 
2025/10/12, 43, 10, , 8, 1, 
2025/10/13, 22, 23, , 13, 1, 
2025/10/14, 66, 16, , 8, 1, 
2025/10/15, 54, 21, , 12, 1, 
2025/10/16, 55, 19, , 13, 1, 
2025/10/17, 51, 9, , 5, , 
2025/10/18, 22, 13, , 7, , 
2025/10/19, 37, 21, , 7, , 
2025/10/20, 68, 20, , 12, 1, 
2025/10/21, 62, 21, , 12, , 
2025/10/22, 70, 15, , 11, 1, 
2025/10/23, 41, 6, , 10, 1, 
2025/10/24, 17, 8, , 8, 1, 
2025/10/25, 15, 6, , 5, 1, 
2025/10/26, 8, 4, , 8, 1, 
2025/10/27, 10, 6, , 7, 1, 
2025/10/28, 11, 12, , 13, 1, 
2025/10/29, 27, 16, , 12, 1, 
2025/10/30, 43, 24, , 14, 1, 
2025/10/31, 48, 30, , 10, 1, 
2025/11/1, 88, 18, , 11, 1, 
2025/11/2, 62, 16, , 13, , 
2025/11/3, 50, 21, , 12, 1, 
2025/11/4, 61, 31, , 9, 1, 
2025/11/5, 87, 35, , 11, 1, 
2025/11/6, 100, 27, , 10, 1, 
2025/11/7, 88, 22, , 5, , 
2025/11/8, 78, 23, , 8, 1, 
2025/11/9, 77, 16, , 10, 1, 
2025/11/10, 54, 18, , 8, 1, 
2025/11/11, 62, 22, , 12, 1, 
2025/11/12, 58, 32, , 13, 2, 
2025/11/13, 78, 28, , 13, 2, 
2025/11/14, 65, 23, , 7, 1, 
2025/11/15, 69, 23, , 7, 1, 
2025/11/16, 74, 23, , 10, 1, 
2025/11/17, 64, 14, , 13, 1, 
2025/11/18, 38, 29, , 17, 2, 
2025/11/19, 66, 34, , 18, 2, 
2025/11/20, 97, 24, , 11, 1, 
2025/11/21, 67, 20, , 4, 1, 
2025/11/22, 61, 19, , 7, 1, 
2025/11/23, 65, 21, , 14, 1, 
2025/11/24, 66, 17, , 10, 1, 
2025/11/25, 55, 15, , 11, 1, 
2025/11/26, 57, 18, , 11, 1, 
2025/11/27, 56, 25, , 9, 1, 
2025/11/28, 79, 37, , 11, 1, 
2025/11/29, 100, 39, , 10, 2, 
2025/11/30, 110, 37, , 14, 3, 
2025/12/1, 108, 22, , 12, 1, 
2025/12/2, 73, 22, , 14, 1, 
2025/12/3, 80, 30, , 12, 1, 
2025/12/4, 107, 26, , 9, 2, 
2025/12/5, 82, 27, , 7, 1, 
2025/12/6, 89, 33, , 6, 1, 
2025/12/7, 102, 34, , 13, 1, 
2025/12/8, 95, 18, , 14, 1, 
2025/12/9, 64, 27, , 15, 2, 
2025/12/10, 79, 22, , 13, 2, 
2025/12/11, 67, 24, , 14, 2, 
2025/12/12, 66, 27, , 9, 2, 
2025/12/13, 76, 21, , 10, 2, 
2025/12/14, 63, 28, , 12, 2, 
2025/12/15, 74, 30, , 12, 1, 
2025/12/16, 93, 45, , 15, 2, 
2025/12/17, 114, 44, , 13, 2, 
2025/12/18, 106, 57, , 14, 2, 
2025/12/19, 156, 27, , 12, 2, 
2025/12/20, 77, 37, , 8, 1, 
2025/12/21, 106, 19, , 5, 1, 
2025/12/22, 66, 21, , 4, 1, 
2025/12/23, 62, 11, , 2, 1, 
2025/12/24, 37, 16, , 3, 1, 
2025/12/25, 58, 37, , 8, 4, 
2025/12/26, 100, 27, , 7, 3, 
2025/12/27, 80, 13, , 4, 2, 
2025/12/28, 39, , , , , 
2025/7/1, 19, 12, , 7, , 
2025/7/2, 22, 20, , 9, 1, 
2025/7/3, 39, 9, , 6, , 
2025/7/4, 28, 11, , 5, , 
2025/7/5, 23, 11, , 6, 1, 
2025/7/6, 42, 12, , 10, 1, 
2025/7/7, 44, 10, , 6, 1, 
2025/7/8, 35, 5, , 5, , 
2025/7/9, 13, 10, , 8, , 
2025/7/10, 30, 10, , 7, 1, 
2025/7/11, 24, 9, , 7, 1, 
2025/7/12, 29, 9, , 5, , 
2025/7/13, 31, 10, , 20, , 
2025/7/14, 29, 14, , 30, , 
2025/7/15, 51, 13, , 14, , 
2025/7/16, 37, 11, , 13, , 
2025/7/17, 33, 11, , 21, , 
2025/7/18, 36, 12, , 20, 1, 
2025/7/19, 42, 12, , 26, 1, 
2025/7/20, 47, 12, , 13, 1, 
2025/7/21, 47, 5, , 5, 1, 
2025/7/22, 15, 6, , 6, 1, 
2025/7/23, 14, 10, , 11, 1, 
2025/7/24, 27, 10, , 8, , 
2025/7/25, 45, 10, , 6, , 
2025/7/26, 52, 11, , 5, , 
2025/7/27, 47, 4, , 7, , 
2025/7/28, 15, 9, , 5, 1, 
2025/7/29, 31, 9, , 9, 1, 
2025/7/30, 31, 9, , 10, , 
2025/7/31, 26, 9, , 10, , 
2025/8/1, 32, 6, , 5, , 
2025/8/2, 29, 5, , 5, , 
2025/8/3, 23, 8, , 8, 1, 
2025/8/4, 29, 9, , 8, 1, 
2025/8/5, 34, 7, , 5, , 
2025/8/6, 23, 7, , 5, 1, 
2025/8/7, 22, 13, , 9, , 
2025/8/8, 38, 13, , 9, 1, 
2025/8/9, 55, 15, , 6, 1, 
2025/8/10, 62, 9, , 4, 1, 
2025/8/11, 27, 10, , 7, , 
2025/8/12, 31, 16, , 7, 1, 
2025/8/13, 44, 22, , 7, , 
2025/8/14, 59, 19, , 5, 1, 
2025/8/15, 54, 22, , 6, 1, 
2025/8/16, 59, 14, , 2, , 
2025/8/17, 41, 9, , 4, , 
2025/8/18, 21, 15, , 6, , 
2025/8/19, 26, 16, , 10, 1, 
2025/8/20, 37, 14, , 3, 1, 
2025/8/21, 35, 14, , 5, 1, 
2025/8/22, 28, 11, , 6, 1, 
2025/8/23, 19, 5, , 5, , 
2025/8/24, 12, 11, , 10, 1, 
2025/8/25, 24, 16, , 11, 1, 
2025/8/26, 33, 21, , 13, 1, 
2025/8/27, 47, 16, , 12, 1, 
2025/8/28, 44, 20, , 15, 2, 
2025/8/29, 45, 10, , 7, 1, 
2025/8/30, 31, 5, , 4, , 
2025/8/31, 28, 15, , 6, 1, 
2025/9/1, 59, 14, , 9, 1, 
2025/9/2, 57, 9, , 8, , 
2025/9/3, 41, 15, , 6, , 
2025/9/4, 52, 15, , 9, 1, 
2025/9/5, 55, 8, , 6, , 
2025/9/6, 28, 6, , 2, , 
2025/9/7, 24, 10, , 7, , 
2025/9/8, 44, 11, , 4, , 
2025/9/9, 39, 14, , 5, 1, 
2025/9/10, 53, 8, , 8, 1, 
2025/9/11, 33, 11, , 9, 1, 
2025/9/12, 35, 12, , 7, 1, 
2025/9/13, 52, 12, , 8, , 
2025/9/14, 45, 6, , 8, 1, 
2025/9/15, 13, 8, , 11, 1, 
2025/9/16, 18, 9, , 10, 1, 
2025/9/17, 18, 11, , 8, 1, 
2025/9/18, 24, 13, , 10, 1, 
2025/9/19, 30, 14, , 7, 1, 
2025/9/20, 47, 11, , 9, 1, 
2025/9/21, 37, 16, , 9, 1, 
2025/9/22, 50, 11, , 4, , 
2025/9/23, 21, 7, , 3, 1, 
2025/9/24, 24, 11, , 3, 1, 
2025/9/25, 21, 11, , 4, 2, 
2025/9/26, 24, 15, , 4, 1, 
2025/9/27, 37, 14, , 3, 1, 
2025/9/28, 43, 6, , 3, , 
2025/9/29, 21, 8, , 3, , 
2025/9/30, 33, 11, , 4, , 
2025/4/1, 59, 15, , 4, 2, 
2025/4/2, 44, 18, , 8, 2, 
2025/4/3, 42, 27, , 15, 2, 
2025/4/4, 60, 28, , 7, 2, 
2025/4/5, 54, 16, , 1, 2, 
2025/4/6, 27, 11, , 4, 2, 
2025/4/7, 21, 15, , 7, 2, 
2025/4/8, 35, 16, , 11, 2, 
2025/4/9, 43, 11, , 6, 2, 
2025/4/10, 23, 20, , 7, 2, 
2025/4/11, 59, 25, , 17, 2, 
2025/4/12, 71, 18, , 15, 1, 
2025/4/13, 58, 13, , 19, 1, 
2025/4/14, 32, 9, , 7, 1, 
2025/4/15, 30, 11, , 19, , 
2025/4/16, 29, 23, , 22, 1, 
2025/4/17, 53, 15, , 17, 1, 
2025/4/18, 33, 8, , 10, , 
2025/4/19, 27, 9, , 17, , 
2025/4/20, 29, 15, , 19, , 
2025/4/21, 43, 20, , 15, 1, 
2025/4/22, 54, 14, , 12, , 
2025/4/23, 42, 17, , 10, , 
2025/4/24, 46, 10, , 3, , 
2025/4/25, 38, 13, , 2, , 
2025/4/26, 31, 13, , 2, , 
2025/4/27, 33, 15, , 14, 1, 
2025/4/28, 41, 21, , 21, 1, 
2025/4/29, 47, 22, , 21, 1, 
2025/4/30, 45, 16, , 14, 1, 
2025/5/1, 44, 20, , 16, 1, 
2025/5/2, 55, 17, , 19, 1, 
2025/5/3, 45, 11, , 6, 1, 
2025/5/4, 34, 8, , 2, , 
2025/5/5, 24, 10, , 2, , 
2025/5/6, 27, 14, , 3, , 
2025/5/7, 33, 12, , 2, , 
2025/5/8, 23, 13, , 5, , 
2025/5/9, 32, 15, , 8, , 
2025/5/10, 41, 9, , 3, , 
2025/5/11, 32, 10, , 5, , 
2025/5/12, 32, 15, , 8, , 
2025/5/13, 43, 21, , 9, , 
2025/5/14, 51, 9, , 4, , 
2025/5/15, 25, 11, , 5, , 
2025/5/16, 36, 9, , 2, , 
2025/5/17, 30, 6, , 1, , 
2025/5/18, 15, 7, , 13, , 
2025/5/19, 30, 12, , 13, , 
2025/5/20, 45, 14, , 29, , 
2025/5/21, 39, 11, , 19, , 
2025/5/22, 39, 10, , 6, , 
2025/5/23, 27, 14, , 9, , 
2025/5/24, 40, 12, , 15, , 
2025/5/25, 39, 11, , 19, , 
2025/5/26, 36, 11, , 19, , 
2025/5/27, 32, 14, , 18, 1, 
2025/5/28, 37, 10, , 13, , 
2025/5/29, 26, 11, , 14, , 
2025/5/30, 32, 10, , 26, 1, 
2025/5/31, 44, 10, , 36, , 
2025/6/1, 36, 10, , 33, 1, 
2025/6/2, 34, 10, , 24, , 
2025/6/3, 36, 13, , 23, , 
2025/6/4, 42, 14, , 26, 1, 
2025/6/5, 34, 9, , 33, , 
2025/6/6, 26, 12, , 38, , 
2025/6/7, 34, 9, , 16, , 
2025/6/8, 34, 8, , 8, , 
2025/6/9, 21, 14, , 28, , 
2025/6/10, 41, 13, , 14, , 
2025/6/11, 38, 12, , 15, , 
2025/6/12, 35, 9, , 10, , 
2025/6/13, 29, 14, , 25, , 
2025/6/14, 44, 11, , 35, , 
2025/6/15, 40, 13, , 20, , 
2025/6/16, 46, 11, , 8, , 
2025/6/17, 36, 16, , 11, , 
2025/6/18, 53, 15, , 4, , 
2025/6/19, 46, 9, , 4, , 
2025/6/20, 21, 8, , 5, , 
2025/6/21, 28, 15, , 8, , 
2025/6/22, 45, 16, , 12, 1, 
2025/6/23, 53, 12, , 6, , 
2025/6/24, 27, 13, , 7, 1, 
2025/6/25, 30, 12, , 5, 1, 
2025/6/26, 34, 10, , 6, 1, 
2025/6/27, 30, 11, , 3, , 
2025/6/28, 26, 11, , 4, 1, 
2025/6/29, 35, 11, , 3, 1, 
2025/6/30, 24, 6, , 4, , 
2025/1/1, 90, 12, , 11, 1, 
2025/1/2, 29, 11, , 9, 1, 
2025/1/3, 35, 16, , 12, 1, 
2025/1/4, 36, 33, , 10, 1, 
2025/1/5, 89, 26, , 11, 1, 
2025/1/6, 77, 36, , 17, 1, 
2025/1/7, 110, 12, , 18, 1, 
2025/1/8, 37, 22, , 17, 1, 
2025/1/9, 68, 9, , 10, 1, 
2025/1/10, 22, 9, , 6, 1, 
2025/1/11, 27, 7, , 5, 1, 
2025/1/12, 22, 11, , 7, , 
2025/1/13, 36, 33, , 18, 3, 
2025/1/14, 100, 21, , 14, 1, 
2025/1/15, 66, 19, , 15, 1, 
2025/1/16, 67, 19, , 11, 1, 
2025/1/17, 62, 35, , 14, 3, 
2025/1/18, 100, 58, , 16, 2, 
2025/1/19, 151, 77, , 19, 2, 
2025/1/20, 164, 56, , 16, 5, 
2025/1/21, 139, 55, , 18, 4, 
2025/1/22, 135, 41, , 17, 2, 
2025/1/23, 119, 30, , 17, 1, 
2025/1/24, 73, 27, , 17, 1, 
2025/1/25, 91, 19, , 14, 1, 
2025/1/26, 75, 24, , 15, 1, 
2025/1/27, 69, 20, , 16, 1, 
2025/1/28, 61, 12, , 13, 2, 
2025/1/29, 34, 22, , 16, 1, 
2025/1/30, 54, 32, , 15, 1, 
2025/1/31, 78, 24, , 14, 1, 
2025/2/1, 62, 29, , 14, 2, 
2025/2/2, 79, 41, , 17, 2, 
2025/2/3, 106, 45, , 18, 3, 
2025/2/4, 106, 48, , 21, 2, 
2025/2/5, 113, 33, , 11, 1, 
2025/2/6, 80, 37, , 5, 2, 
2025/2/7, 97, 27, , 5, 2, 
2025/2/8, 78, 40, , 4, 1, 
2025/2/9, 102, 43, , 6, 2, 
2025/2/10, 100, 47, , 5, 4, 
2025/2/11, 114, 59, , 15, 3, 
2025/2/12, 142, 53, , 13, 4, 
2025/2/13, 134, 34, , 11, 2, 
2025/2/14, 93, 21, , 8, 1, 
2025/2/15, 59, 30, , 8, 2, 
2025/2/16, 79, 34, , 10, 1, 
2025/2/17, 78, 43, , 15, 3, 
2025/2/18, 115, 45, , 16, 4, 
2025/2/19, 103, 45, , 10, 2, 
2025/2/20, 114, 43, , 14, 3, 
2025/2/21, 106, 45, , 12, 2, 
2025/2/22, 119, 46, , 13, 2, 
2025/2/23, 121, 40, , 14, 1, 
2025/2/24, 108, 31, , 12, 1, 
2025/2/25, 91, 54, , 15, 2, 
2025/2/26, 142, 44, , 16, 2, 
2025/2/27, 113, 26, , 14, 1, 
2025/2/28, 74, 30, , 10, 1, 
2025/3/1, 84, 21, , 8, 1, 
2025/3/2, 70, 25, , 15, , 
2025/3/3, 71, 39, , 23, 2, 
2025/3/4, 104, 37, , 23, 2, 
2025/3/5, 88, 36, , 27, 2, 
2025/3/6, 83, 30, , 22, 1, 
2025/3/7, 81, 51, , 19, 2, 
2025/3/8, 113, 52, , 20, 2, 
2025/3/9, 132, 37, , 19, 1, 
2025/3/10, 91, 19, , 20, 1, 
2025/3/11, 51, 18, , 15, 2, 
2025/3/12, 53, 14, , 16, 1, 
2025/3/13, 45, 16, , 10, 1, 
2025/3/14, 54, 9, , 6, 1, 
2025/3/15, 36, 14, , 8, 2, 
2025/3/16, 57, 19, , 6, 1, 
2025/3/17, 50, 22, , 10, 3, 
2025/3/18, 66, 31, , 15, 2, 
2025/3/19, 74, 38, , 18, 2, 
2025/3/20, 89, 38, , 12, 2, 
2025/3/21, 96, 40, , 7, 5, 
2025/3/22, 110, 16, , 4, 6, 
2025/3/23, 50, 19, , 9, 19, 
2025/3/24, 66, 31, , 8, 36, 
2025/3/25, 74, 37, , 9, 13, 
2025/3/26, 99, 20, , 4, 3, 
2025/3/27, 58, 22, , 5, 2, 
2025/3/28, 64, 29, , 5, 2, 
2025/3/29, 74, 31, , 9, 2, 
2025/3/30, 94, 19, , 11, 2, 
2025/3/31, 61, 19, , 6, 2, 
2024/10/1, 44, 14, , 8, , 
2024/10/2, 56, 12, , 10, , 
2024/10/3, 54, 12, , 5, , 
2024/10/4, 54, 5, , 2, , 
2024/10/5, 24, 4, , 2, , 
2024/10/6, 22, 14, , 8, , 
2024/10/7, 51, 12, , 7, , 
2024/10/8, 40, 15, , 12, 1, 
2024/10/9, 54, 10, , 9, 1, 
2024/10/10, 35, 11, , 10, , 
2024/10/11, 25, 17, , 4, , 
2024/10/12, 38, 14, , 8, 1, 
2024/10/13, 45, 14, , 9, , 
2024/10/14, 24, 22, , 14, , 
2024/10/15, 61, 24, , 7, 1, 
2024/10/16, 79, 13, , 8, 1, 
2024/10/17, 47, 13, , 8, 3, 
2024/10/18, 49, 19, , 8, 1, 
2024/10/19, 62, 23, , 10, 1, 
2024/10/20, 78, 32, , 17, , 
2024/10/21, 85, 35, , 15, 1, 
2024/10/22, 105, 24, , 12, , 
2024/10/23, 61, 26, , 9, , 
2024/10/24, 86, 29, , 13, 1, 
2024/10/25, 97, 39, , 9, 2, 
2024/10/26, 110, 32, , 14, 1, 
2024/10/27, 91, 26, , 15, , 
2024/10/28, 77, 29, , 17, 1, 
2024/10/29, 73, 27, , 15, 1, 
2024/10/30, 77, 17, , 12, 1, 
2024/10/31, 55, 14, , 7, 1, 
2024/11/1, 48, 15, , 7, , 
2024/11/2, 45, 22, , 13, 1, 
2024/11/3, 75, 19, , 13, 1, 
2024/11/4, 69, 21, , 10, , 
2024/11/5, 77, 31, , 14, , 
2024/11/6, 89, 53, , 14, 1, 
2024/11/7, 144, 33, , 9, 1, 
2024/11/8, 98, 29, , 7, , 
2024/11/9, 78, 27, , 5, , 
2024/11/10, 84, 39, , 11, 3, 
2024/11/11, 121, 23, , 9, , 
2024/11/12, 74, 21, , 12, 1, 
2024/11/13, 64, 17, , 12, 2, 
2024/11/14, 56, 17, , 13, 1, 
2024/11/15, 61, 35, , 14, 1, 
2024/11/16, 76, 33, , 8, 1, 
2024/11/17, 96, 11, , 13, 1, 
2024/11/18, 35, 18, , 14, 1, 
2024/11/19, 46, 14, , 13, 1, 
2024/11/20, 35, 12, , 13, 1, 
2024/11/21, 37, 19, , 15, 1, 
2024/11/22, 58, 14, , 10, 1, 
2024/11/23, 49, 16, , 16, , 
2024/11/24, 50, 24, , 13, 2, 
2024/11/25, 85, 29, , 12, 1, 
2024/11/26, 101, 29, , 14, 1, 
2024/11/27, 79, 20, , 13, 1, 
2024/11/28, 64, 8, , 8, , 
2024/11/29, 31, 20, , 5, , 
2024/11/30, 63, 21, , 6, , 
2024/12/1, 75, 22, , 10, , 
2024/12/2, 74, 42, , 17, 1, 
2024/12/3, 109, 40, , 14, 1, 
2024/12/4, 99, 44, , 15, 1, 
2024/12/5, 113, 25, , 13, 1, 
2024/12/6, 77, 18, , 9, 1, 
2024/12/7, 57, 25, , 7, 1, 
2024/12/8, 82, 15, , 4, , 
2024/12/9, 46, 9, , 5, , 
2024/12/10, 30, 16, , 12, , 
2024/12/11, 49, 21, , 13, 2, 
2024/12/12, 67, 26, , 13, 1, 
2024/12/13, 78, 28, , 11, 1, 
2024/12/14, 82, 13, , 6, , 
2024/12/15, 45, 7, , 5, 1, 
2024/12/16, 16, 10, , 7, 1, 
2024/12/17, 23, 19, , 17, 1, 
2024/12/18, 47, 26, , 20, 1, 
2024/12/19, 81, 14, , 14, 1, 
2024/12/20, 40, 20, , 12, 1, 
2024/12/21, 51, 10, , 11, 1, 
2024/12/22, 26, 16, , 12, 1, 
2024/12/23, 42, 16, , 6, 1, 
2024/12/24, 50, 16, , 5, , 
2024/12/25, 38, 39, , 7, , 
2024/12/26, 101, 43, , 13, , 
2024/12/27, 109, 39, , 13, 1, 
2024/12/28, 108, 45, , 13, 1, 
2024/12/29, 128, , , , , 
2024/7/1, 39, 12, , 7, , 
2024/7/2, 30, 10, , 8, 1, 
2024/7/3, 36, 10, , 7, , 
2024/7/4, 28, 10, , 10, 1, 
2024/7/5, 20, 10, , 6, 1, 
2024/7/6, 40, 9, , 3, , 
2024/7/7, 27, 12, , 4, , 
2024/7/8, 48, 18, , 5, , 
2024/7/9, 65, 20, , 7, , 
2024/7/10, 69, 19, , 13, , 
2024/7/11, 62, 17, , 5, 1, 
2024/7/12, 61, 8, , 4, , 
2024/7/13, 41, 6, , 3, 1, 
2024/7/14, 40, 13, , 6, 1, 
2024/7/15, 55, 16, , 9, 1, 
2024/7/16, 59, 13, , 7, 1, 
2024/7/17, 49, 10, , 6, 1, 
2024/7/18, 26, 13, , 4, 1, 
2024/7/19, 36, 15, , 5, 1, 
2024/7/20, 45, 17, , 5, 1, 
2024/7/21, 50, 20, , 6, 1, 
2024/7/22, 55, 13, , 6, 1, 
2024/7/23, 39, 14, , 11, 1, 
2024/7/24, 41, 10, , 5, , 
2024/7/25, 32, 15, , 9, 1, 
2024/7/26, 44, 16, , 8, 1, 
2024/7/27, 52, 12, , 7, 1, 
2024/7/28, 41, 10, , 6, 1, 
2024/7/29, 24, 11, , 8, 1, 
2024/7/30, 26, 18, , 12, 1, 
2024/7/31, 40, 17, , 12, , 
2024/8/1, 54, 22, , 9, 1, 
2024/8/2, 59, 10, , 6, , 
2024/8/3, 33, 11, , 6, 1, 
2024/8/4, 42, 11, , 7, 1, 
2024/8/5, 37, 9, , 5, 1, 
2024/8/6, 24, 12, , 8, 1, 
2024/8/7, 42, 17, , 9, , 
2024/8/8, 54, 11, , 8, , 
2024/8/9, 43, 14, , 7, , 
2024/8/10, 52, 14, , 5, 1, 
2024/8/11, 46, 13, , 7, 1, 
2024/8/12, 30, 15, , 5, 1, 
2024/8/13, 41, 14, , 5, 1, 
2024/8/14, 34, 17, , 7, 1, 
2024/8/15, 54, 21, , 8, 1, 
2024/8/16, 71, 15, , 6, , 
2024/8/17, 59, 11, , 5, , 
2024/8/18, 46, 12, , 8, , 
2024/8/19, 40, 9, , 3, , 
2024/8/20, 36, 15, , 10, 1, 
2024/8/21, 56, 17, , 9, 1, 
2024/8/22, 37, 18, , 9, , 
2024/8/23, 46, 18, , 6, 1, 
2024/8/24, 59, 17, , 4, 1, 
2024/8/25, 56, 8, , 2, , 
2024/8/26, 23, 15, , 4, , 
2024/8/27, 38, 20, , 4, 1, 
2024/8/28, 56, 26, , 9, 1, 
2024/8/29, 69, 30, , 9, 1, 
2024/8/30, 72, 24, , 10, , 
2024/8/31, 74, 15, , 2, , 
2024/9/1, 55, 20, , 8, 1, 
2024/9/2, 66, 29, , 6, 1, 
2024/9/3, 74, 35, , 7, 2, 
2024/9/4, 80, 31, , 5, 2, 
2024/9/5, 66, 31, , 5, 2, 
2024/9/6, 66, 23, , 5, 1, 
2024/9/7, 56, 23, , 5, 1, 
2024/9/8, 59, 21, , 9, 2, 
2024/9/9, 55, 10, , 12, 1, 
2024/9/10, 40, 15, , 8, 1, 
2024/9/11, 50, 20, , 9, 1, 
2024/9/12, 61, 10, , 4, , 
2024/9/13, 44, 6, , 2, 1, 
2024/9/14, 32, 4, , 3, 1, 
2024/9/15, 11, 21, , 3, 1, 
2024/9/16, 54, 32, , 4, 1, 
2024/9/17, 81, 29, , 7, , 
2024/9/18, 88, 21, , 5, 1, 
2024/9/19, 64, 27, , 7, 2, 
2024/9/20, 64, 30, , 9, 2, 
2024/9/21, 75, 28, , 8, 1, 
2024/9/22, 98, 22, , 10, , 
2024/9/23, 64, 20, , 11, , 
2024/9/24, 70, 17, , 11, , 
2024/9/25, 58, 11, , 10, , 
2024/9/26, 37, 7, , 12, , 
2024/9/27, 21, 5, , 8, , 
2024/9/28, 15, 8, , 3, , 
2024/9/29, 17, 10, , 6, , 
2024/9/30, 29, 11, , 7, , 
2024/4/1, 104, 16, , 9, 1, 
2024/4/2, 34, 9, , 6, , 
2024/4/3, 15, 13, , 12, , 
2024/4/4, 26, 11, , 10, , 
2024/4/5, 27, 18, , 13, , 
2024/4/6, 47, 19, , 7, , 
2024/4/7, 64, 18, , 11, , 
2024/4/8, 50, 20, , 14, , 
2024/4/9, 48, 27, , 12, , 
2024/4/10, 56, 19, , 9, , 
2024/4/11, 48, 31, , 14, , 
2024/4/12, 66, 26, , 13, , 
2024/4/13, 59, 21, , 7, , 
2024/4/14, 60, 14, , 8, , 
2024/4/15, 46, 13, , 8, , 
2024/4/16, 30, 15, , 10, , 
2024/4/17, 43, 14, , 8, , 
2024/4/18, 49, 15, , 8, , 
2024/4/19, 39, 7, , 5, , 
2024/4/20, 15, 9, , 3, , 
2024/4/21, 34, 12, , 5, , 
2024/4/22, 41, 18, , 3, 1, 
2024/4/23, 61, 21, , 9, 1, 
2024/4/24, 72, 17, , 11, 1, 
2024/4/25, 57, 18, , 11, , 
2024/4/26, 47, 18, , 11, 1, 
2024/4/27, 72, 16, , 8, 1, 
2024/4/28, 57, 15, , 8, 1, 
2024/4/29, 48, 15, , 7, 2, 
2024/4/30, 50, 13, , 5, 1, 
2024/5/1, 34, 13, , 6, 1, 
2024/5/2, 29, 15, , 7, 1, 
2024/5/3, 37, 20, , 8, 1, 
2024/5/4, 53, 16, , 8, 1, 
2024/5/5, 51, 14, , 8, 1, 
2024/5/6, 27, 13, , 5, , 
2024/5/7, 33, 10, , 3, , 
2024/5/8, 27, 14, , 7, , 
2024/5/9, 38, 23, , 12, 1, 
2024/5/10, 50, 17, , 12, 1, 
2024/5/11, 53, 9, , 4, 1, 
2024/5/12, 20, 12, , 6, 1, 
2024/5/13, 29, 13, , 6, 2, 
2024/5/14, 32, 17, , 5, 2, 
2024/5/15, 32, 14, , 5, 2, 
2024/5/16, 33, 15, , 5, 2, 
2024/5/17, 37, 11, , 6, 2, 
2024/5/18, 38, 11, , 8, 2, 
2024/5/19, 40, 15, , 10, 2, 
2024/5/20, 38, 13, , 6, 3, 
2024/5/21, 48, 17, , 11, 3, 
2024/5/22, 50, 12, , 8, 2, 
2024/5/23, 38, 16, , 6, 1, 
2024/5/24, 53, 11, , 6, 1, 
2024/5/25, 36, 10, , 6, 1, 
2024/5/26, 42, 13, , 6, 2, 
2024/5/27, 45, 16, , 7, 2, 
2024/5/28, 47, 19, , 8, 2, 
2024/5/29, 58, 18, , 4, 3, 
2024/5/30, 53, 15, , 5, 3, 
2024/5/31, 52, 8, , 6, 2, 
2024/6/1, 33, 6, , 4, 1, 
2024/6/2, 24, 15, , 6, 4, 
2024/6/3, 54, 10, , 5, 2, 
2024/6/4, 37, 20, , 9, 3, 
2024/6/5, 60, 16, , 10, 2, 
2024/6/6, 46, 12, , 9, 3, 
2024/6/7, 34, 13, , 3, 2, 
2024/6/8, 47, 10, , 6, 3, 
2024/6/9, 47, 14, , 8, 3, 
2024/6/10, 56, 20, , 8, 3, 
2024/6/11, 59, 13, , 10, 1, 
2024/6/12, 26, 9, , 7, , 
2024/6/13, 37, 13, , 7, , 
2024/6/14, 42, 12, , 5, , 
2024/6/15, 43, 14, , 7, 1, 
2024/6/16, 53, 12, , 8, 3, 
2024/6/17, 36, 15, , 11, 1, 
2024/6/18, 45, 17, , 9, 1, 
2024/6/19, 54, 8, , 3, , 
2024/6/20, 22, 14, , 6, , 
2024/6/21, 49, 14, , 8, 2, 
2024/6/22, 42, 11, , 5, 15, 
2024/6/23, 31, 10, , 4, 1, 
2024/6/24, 31, 9, , 4, , 
2024/6/25, 35, 13, , 5, 1, 
2024/6/26, 49, 16, , 7, 1, 
2024/6/27, 50, 18, , 9, , 
2024/6/28, 46, 18, , 5, , 
2024/6/29, 59, 20, , 5, , 
2024/6/30, 59, 10, , 7, , 
2024/1/7, 51, 29, , 8, , 
2024/1/8, 88, 51, , 15, 2, 
2024/1/9, 154, 87, , 34, 1, 
2024/1/10, 197, 51, , 22, 8, 
2024/1/11, 146, 19, , 13, 2, 
2024/1/12, 68, 16, , 7, 2, 
2024/1/13, 60, 13, , 7, 1, 
2024/1/14, 52, 12, , 7, 1, 
2024/1/15, 39, 13, , 13, 1, 
2024/1/16, 44, 31, , 19, 2, 
2024/1/17, 103, 18, , 19, 1, 
2024/1/18, 86, 20, , 14, 1, 
2024/1/19, 72, 16, , 7, 2, 
2024/1/20, 59, 29, , 11, 2, 
2024/1/21, 80, 32, , 18, , 
2024/1/22, 158, 14, , 13, , 
2024/1/23, 57, 8, , 14, , 
2024/1/24, 30, 9, , 7, , 
2024/1/25, 28, 14, , 17, , 
2024/1/26, 49, 9, , 6, , 
2024/1/27, 31, 22, , 12, , 
2024/1/28, 69, 26, , 14, , 
2024/1/29, 78, 52, , 21, , 
2024/1/30, 153, 44, , 20, 4, 
2024/1/31, 124, 37, , 15, 1, 
2024/2/1, 108, 22, , 12, 1, 
2024/2/2, 52, 11, , 5, , 
2024/2/3, 39, 6, , 4, , 
2024/2/4, 22, 6, , 6, , 
2024/2/5, 20, 11, , 6, , 
2024/2/6, 35, 6, , 6, 1, 
2024/2/7, 19, 8, , 9, , 
2024/2/8, 44, 21, , 9, 1, 
2024/2/9, 74, 29, , 11, 1, 
2024/2/10, 83, 20, , 11, , 
2024/2/11, 64, 12, , 12, 1, 
2024/2/12, 37, 15, , 13, 1, 
2024/2/13, 57, 28, , 16, 1, 
2024/2/14, 68, 40, , 15, 1, 
2024/2/15, 99, 40, , 11, 1, 
2024/2/16, 110, 30, , 11, , 
2024/2/17, 106, 13, , 3, , 
2024/2/18, 40, 24, , 11, 1, 
2024/2/19, 78, 9, , 10, 1, 
2024/2/20, 38, 14, , 13, 1, 
2024/2/21, 45, 17, , 11, , 
2024/2/22, 55, 14, , 15, , 
2024/2/23, 33, 17, , 10, , 
2024/2/24, 42, 30, , 12, , 
2024/2/25, 95, 22, , 12, 1, 
2024/2/26, 79, 35, , 14, 1, 
2024/2/27, 115, 52, , 19, 1, 
2024/2/28, 145, 36, , 5, , 
2024/2/29, 101, 51, , 8, 1, 
2024/3/1, 150, 40, , 9, 1, 
2024/3/2, 130, 32, , 5, , 
2024/3/3, 105, 37, , 9, 1, 
2024/3/4, 123, 24, , 6, , 
2024/3/5, 77, 24, , 9, , 
2024/3/6, 78, 30, , 3, , 
2024/3/7, 81, 31, , 9, , 
2024/3/8, 92, 37, , 7, 1, 
2024/3/9, 106, 21, , 5, 1, 
2024/3/10, 72, 19, , 5, 1, 
2024/3/11, 68, 20, , 6, , 
2024/3/12, 75, 18, , 9, , 
2024/3/13, 55, 28, , 8, , 
2024/3/14, 88, 28, , 8, 1, 
2024/3/15, 88, 27, , 11, , 
2024/3/16, 78, 12, , 3, , 
2024/3/17, 35, 11, , 6, , 
2024/3/18, 34, 16, , 6, , 
2024/3/19, 54, 39, , 12, 1, 
2024/3/20, 107, 46, , 14, 3, 
2024/3/21, 133, 39, , 17, 2, 
2024/3/22, 101, 21, , 10, 1, 
2024/3/23, 68, 10, , 8, 1, 
2024/3/24, 34, 13, , 14, , 
2024/3/25, 33, 18, , 10, 1, 
2024/3/26, 57, 14, , 9, 1, 
2024/3/27, 40, 27, , 12, 1, 
2024/3/28, 45, 7, , 8, , 
2024/3/29, 19, 55, , 7, 1, 
2024/3/30, 79, 61, , 5, 1, 
2024/3/31, 77, 81, , 7, , 
2023/10/1, 61, 23, , 9, , 
2023/10/2, 50, 23, , 9, , 
2023/10/3, 64, 13, , 10, , 
2023/10/4, 32, 22, , 11, 1, 
2023/10/5, 52, 22, , 11, 1, 
2023/10/6, 53, 16, , 5, 1, 
2023/10/7, 41, 7, , 4, , 
2023/10/8, 20, 17, , 9, , 
2023/10/9, 44, 16, , 6, 1, 
2023/10/10, 65, 23, , 10, 1, 
2023/10/11, 72, 28, , 10, , 
2023/10/12, 65, 23, , 10, 1, 
2023/10/13, 64, 22, , 6, , 
2023/10/14, 63, 14, , 6, 1, 
2023/10/15, 33, 14, , 9, 1, 
2023/10/16, 41, 29, , 10, 1, 
2023/10/17, 76, 38, , 10, 1, 
2023/10/18, 102, 35, , 10, 2, 
2023/10/19, 126, 25, , 9, 2, 
2023/10/20, 87, 37, , 10, 1, 
2023/10/21, 87, 14, , 6, 1, 
2023/10/22, 57, 23, , 9, 1, 
2023/10/23, 63, 25, , 7, 2, 
2023/10/24, 109, 19, , 8, 1, 
2023/10/25, 69, 23, , 9, 1, 
2023/10/26, 74, 12, , 8, 1, 
2023/10/27, 55, 11, , 8, 1, 
2023/10/28, 36, 11, , 8, 1, 
2023/10/29, 45, 30, , 12, 1, 
2023/10/30, 69, 15, , 10, 1, 
2023/10/31, 45, 13, , 5, 1, 
2023/11/1, 43, 16, , 7, 1, 
2023/11/2, 51, 10, , 6, 1, 
2023/11/3, 33, 15, , 6, 1, 
2023/11/4, 33, 17, , 8, 1, 
2023/11/5, 63, 11, , 7, 1, 
2023/11/6, 23, 27, , 11, 1, 
2023/11/7, 77, 26, , 13, 1, 
2023/11/8, 89, 21, , 12, 1, 
2023/11/9, 55, 21, , 12, 2, 
2023/11/10, 76, 25, , 7, 1, 
2023/11/11, 85, 21, , 7, 1, 
2023/11/12, 79, 26, , 12, 1, 
2023/11/13, 77, 19, , 9, 1, 
2023/11/14, 48, 11, , 8, 1, 
2023/11/15, 23, 18, , 9, 1, 
2023/11/16, 54, 14, , 6, 1, 
2023/11/17, 57, 11, , 3, 1, 
2023/11/18, 42, 20, , 5, 1, 
2023/11/19, 65, 15, , 11, 1, 
2023/11/20, 42, 14, , 10, 1, 
2023/11/21, 46, 19, , 3, , 
2023/11/22, 64, 22, , 8, 2, 
2023/11/23, 61, 19, , 7, 1, 
2023/11/24, 23, 13, , 6, 1, 
2023/11/25, 42, 13, , 3, 1, 
2023/11/26, 43, 27, , 11, 2, 
2023/11/27, 74, 29, , 6, 2, 
2023/11/28, 98, 40, , 12, 2, 
2023/11/29, 105, 41, , 16, 1, 
2023/11/30, 121, 61, , 11, 2, 
2023/12/1, 161, 26, , 5, 1, 
2023/12/2, 78, 23, , 8, 2, 
2023/12/3, 74, 38, , 13, 1, 
2023/12/4, 96, 50, , 17, 1, 
2023/12/5, 142, 70, , 14, 1, 
2023/12/6, 175, 72, , 17, 4, 
2023/12/7, 173, 61, , 13, 3, 
2023/12/8, 142, 58, , 14, 1, 
2023/12/9, 157, 37, , 15, 1, 
2023/12/10, 117, 20, , 20, 1, 
2023/12/11, 56, 16, , 14, 1, 
2023/12/12, 45, 29, , 10, 1, 
2023/12/13, 83, 34, , 10, , 
2023/12/14, 95, 28, , 12, 1, 
2023/12/15, 82, 26, , 9, 1, 
2023/12/16, 78, 19, , 7, 1, 
2023/12/17, 66, 18, , 12, 1, 
2023/12/18, 54, 28, , 21, 1, 
2023/12/19, 71, 12, , 13, 1, 
2023/12/20, 51, 6, , 8, 1, 
2023/12/21, 10, 8, , 7, 1, 
2023/12/22, 19, 8, , 5, , 
2023/12/23, 24, 7, , 7, , 
2023/12/24, 30, 5, , 2, , 
2023/12/25, 12, 5, , 4, , 
2023/12/26, 15, 15, , 12, , 
2023/12/27, 35, 38, , 20, , 
2023/12/28, 122, , , 21, 1, 
2023/12/29, 113, , , , , 
2023/7/1, 59, 13, , 5, 1, 
2023/7/2, 53, 16, , 8, 1, 
2023/7/3, 46, 16, , 9, 1, 
2023/7/4, 46, 14, , 7, 1, 
2023/7/5, 40, 13, , 8, 1, 
2023/7/6, 44, 13, , 7, 1, 
2023/7/7, 52, 12, , 8, 1, 
2023/7/8, 41, 15, , 7, 1, 
2023/7/9, 44, 12, , 8, 2, 
2023/7/10, 61, 17, , 6, 1, 
2023/7/11, 38, 16, , 11, 1, 
2023/7/12, 53, 11, , 8, 1, 
2023/7/13, 44, 16, , 8, 1, 
2023/7/14, 53, 15, , 7, 1, 
2023/7/15, 50, 18, , 6, 1, 
2023/7/16, 58, 10, , 7, 1, 
2023/7/17, 45, 13, , 6, 1, 
2023/7/18, 37, 16, , 9, 1, 
2023/7/19, 40, 13, , 8, 1, 
2023/7/20, 39, 13, , 8, 1, 
2023/7/21, 43, 11, , 6, 1, 
2023/7/22, 51, 12, , 7, 1, 
2023/7/23, 44, 12, , 9, 1, 
2023/7/24, 44, 14, , 10, 1, 
2023/7/25, 42, 13, , 7, 1, 
2023/7/26, 46, 14, , 7, 1, 
2023/7/27, 39, 14, , 9, 1, 
2023/7/28, 26, 11, , 5, 1, 
2023/7/29, 30, 9, , 5, 1, 
2023/7/30, 23, 15, , 7, 2, 
2023/7/31, 32, 15, , 10, 1, 
2023/8/1, 38, 11, , 7, 2, 
2023/8/2, 28, 14, , 12, 1, 
2023/8/3, 29, 17, , 8, 2, 
2023/8/4, 37, 11, , 3, 1, 
2023/8/5, 49, 8, , 4, 1, 
2023/8/6, 40, 8, , 4, 2, 
2023/8/7, 20, 11, , 5, 2, 
2023/8/8, 24, 12, , 7, 1, 
2023/8/9, 28, 11, , 6, 1, 
2023/8/10, 46, 26, , 9, 1, 
2023/8/11, 59, 24, , 8, 2, 
2023/8/12, 79, 22, , 6, 1, 
2023/8/13, 68, 26, , 7, 1, 
2023/8/14, 67, 19, , 4, 2, 
2023/8/15, 77, 30, , 6, 2, 
2023/8/16, 76, 23, , 9, 1, 
2023/8/17, 71, 25, , 9, 2, 
2023/8/18, 69, 24, , 6, 1, 
2023/8/19, 82, 21, , 6, 1, 
2023/8/20, 80, 29, , 8, 2, 
2023/8/21, 90, 18, , 6, 2, 
2023/8/22, 71, 23, , 6, 2, 
2023/8/23, 80, 29, , 9, 2, 
2023/8/24, 70, 28, , 11, 2, 
2023/8/25, 92, 19, , 8, 1, 
2023/8/26, 61, 11, , 4, 2, 
2023/8/27, 55, 11, , 4, 2, 
2023/8/28, 50, 17, , 7, 2, 
2023/8/29, 61, 12, , 7, 2, 
2023/8/30, 50, 14, , 7, 2, 
2023/8/31, 47, 17, , 8, 2, 
2023/9/1, 45, 10, , 5, 2, 
2023/9/2, 45, 13, , 4, 1, 
2023/9/3, 59, 15, , 6, 1, 
2023/9/4, 56, 17, , 6, 2, 
2023/9/5, 63, 20, , 6, 2, 
2023/9/6, 72, 26, , 6, 3, 
2023/9/7, 86, 24, , 7, 3, 
2023/9/8, 95, 27, , 5, 2, 
2023/9/9, 102, 28, , 5, 2, 
2023/9/10, 107, 32, , 9, 2, 
2023/9/11, 86, 43, , 10, 2, 
2023/9/12, 113, 45, , 11, 2, 
2023/9/13, 113, 13, , 6, 2, 
2023/9/14, 47, 17, , 3, 2, 
2023/9/15, 44, 18, , 4, 3, 
2023/9/16, 81, 15, , 4, 2, 
2023/9/17, 61, 22, , 6, 1, 
2023/9/18, 67, 16, , 10, 2, 
2023/9/19, 66, 18, , 6, 2, 
2023/9/20, 47, 18, , 5, 2, 
2023/9/21, 50, 25, , 8, 2, 
2023/9/22, 59, 14, , 5, 2, 
2023/9/23, 46, 10, , 3, 1, 
2023/9/24, 40, 17, , 3, 1, 
2023/9/25, 62, 32, , 5, 1, 
2023/9/26, 79, 37, , 10, 1, 
2023/9/27, 93, 37, , 9, , 
2023/9/28, 90, 44, , 9, , 
2023/9/29, 93, 26, , 9, , 
2023/9/30, 92, 18, , 8, , 
2023/4/1, 25, 10, , , 1, 
2023/4/2, 37, 11, , 5, , 
2023/4/3, 23, 14, , 4, , 
2023/4/4, 38, 20, , 8, 1, 
2023/4/5, 57, 20, , 11, , 
2023/4/6, 67, 22, , 13, 1, 
2023/4/7, 79, 26, , 6, 1, 
2023/4/8, 86, 30, , 8, 1, 
2023/4/9, 101, 29, , 9, 1, 
2023/4/10, 103, 14, , 10, 1, 
2023/4/11, 48, 14, , 9, 1, 
2023/4/12, 45, 26, , 12, 2, 
2023/4/13, 76, 22, , 9, 3, 
2023/4/14, 65, 14, , 8, 1, 
2023/4/15, 26, 22, , 9, 1, 
2023/4/16, 62, 18, , 6, , 
2023/4/17, 57, 17, , 4, , 
2023/4/18, 44, 20, , 5, , 
2023/4/19, 56, 25, , 8, , 
2023/4/20, 65, 29, , 12, 1, 
2023/4/21, 62, 31, , 10, 1, 
2023/4/22, 71, 26, , 12, 1, 
2023/4/23, 76, 24, , 12, 1, 
2023/4/24, 57, 14, , 9, 1, 
2023/4/25, 34, 15, , 7, 1, 
2023/4/26, 24, 26, , 13, 2, 
2023/4/27, 56, 29, , 9, 1, 
2023/4/28, 65, 24, , 8, 1, 
2023/4/29, 65, 16, , 4, , 
2023/4/30, 41, 16, , 5, 1, 
2023/5/1, 44, 17, , 9, 1, 
2023/5/2, 42, 17, , 5, , 
2023/5/3, 59, 18, , 7, 1, 
2023/5/4, 47, 22, , 8, 1, 
2023/5/5, 47, 22, , 7, 1, 
2023/5/6, 57, 13, , 2, , 
2023/5/7, 36, 13, , 4, 1, 
2023/5/8, 31, 20, , 6, 1, 
2023/5/9, 48, 17, , 6, 3, 
2023/5/10, 43, 19, , 7, 5, 
2023/5/11, 44, 22, , 6, 3, 
2023/5/12, 40, 20, , 6, 2, 
2023/5/13, 41, 14, , 5, 1, 
2023/5/14, 40, 11, , 9, 1, 
2023/5/15, 28, 18, , 8, 1, 
2023/5/16, 37, 11, , 7, , 
2023/5/17, 26, 13, , 5, , 
2023/5/18, 30, 16, , 3, 1, 
2023/5/19, 44, 26, , 4, 3, 
2023/5/20, 70, 23, , 3, 3, 
2023/5/21, 48, 18, , 5, 4, 
2023/5/22, 38, 23, , 9, 4, 
2023/5/23, 56, 20, , 9, 2, 
2023/5/24, 63, 27, , 9, 2, 
2023/5/25, 75, 30, , 8, 2, 
2023/5/26, 71, 17, , 4, 2, 
2023/5/27, 29, 14, , 5, 2, 
2023/5/28, 24, 18, , 7, 2, 
2023/5/29, 28, 20, , 8, 1, 
2023/5/30, 37, 16, , 7, 2, 
2023/5/31, 26, 24, , 12, 2, 
2023/6/1, 39, 21, , 9, 1, 
2023/6/2, 40, 13, , 3, 2, 
2023/6/3, 21, 14, , 5, 3, 
2023/6/4, 25, 17, , 6, 2, 
2023/6/5, 28, 21, , 7, 2, 
2023/6/6, 45, 12, , 5, 1, 
2023/6/7, 43, 15, , 3, 1, 
2023/6/8, 56, 16, , 4, 1, 
2023/6/9, 56, 16, , 3, , 
2023/6/10, 49, 14, , 2, 1, 
2023/6/11, 44, 14, , 3, 1, 
2023/6/12, 28, 10, , 4, 1, 
2023/6/13, 24, 8, , 5, , 
2023/6/14, 32, 16, , 6, 2, 
2023/6/15, 55, 19, , 7, 1, 
2023/6/16, 67, 20, , 7, 1, 
2023/6/17, 70, 15, , 8, 2, 
2023/6/18, 57, 17, , 10, 2, 
2023/6/19, 59, 22, , 9, 1, 
2023/6/20, 62, 21, , 11, 2, 
2023/6/21, 70, 18, , 7, 1, 
2023/6/22, 52, 19, , 12, 2, 
2023/6/23, 61, 12, , 7, 1, 
2023/6/24, 40, 16, , 4, 1, 
2023/6/25, 46, 16, , 8, 1, 
2023/6/26, 41, 12, , 8, 1, 
2023/6/27, 54, 11, , 6, 1, 
2023/6/30, 32, 11, , 4, 1, 
2023/1/2, 133, 20, , 16, 3, 
2023/1/3, 70, 33, , 15, 3, 
2023/1/4, 88, 5, , 7, 3, 
2023/1/5, 13, 10, , 8, 2, 
2023/1/6, 38, 21, , 10, 2, 
2023/1/7, 73, 28, , 8, 2, 
2023/1/8, 103, 23, , 15, 2, 
2023/1/9, 90, 12, , 15, 1, 
2023/1/10, 55, 21, , 12, 1, 
2023/1/11, 73, 28, , 18, 2, 
2023/1/12, 76, 13, , 15, 1, 
2023/1/13, 32, 12, , 13, 1, 
2023/1/14, 37, 9, , 5, 1, 
2023/1/15, 23, 12, , 10, 2, 
2023/1/16, 47, 17, , 18, 2, 
2023/1/17, 58, 15, , 14, 2, 
2023/1/18, 52, 29, , 13, 2, 
2023/1/19, 101, 24, , 10, 2, 
2023/1/20, 83, 16, , 10, 1, 
2023/1/21, 48, 20, , 6, 2, 
2023/1/22, 79, 22, , 8, 1, 
2023/1/23, 77, 15, , 6, 1, 
2023/1/24, 62, 11, , 9, , 
2023/1/25, 40, 20, , 6, 1, 
2023/1/26, 77, 23, , 5, 2, 
2023/1/27, 83, 21, , 3, 1, 
2023/1/28, 72, 15, , 5, 2, 
2023/1/29, 60, 18, , 9, 3, 
2023/1/30, 65, 13, , 9, 2, 
2023/1/31, 39, 8, , 7, 1, 
2023/2/1, 29, 8, , 6, 1, 
2023/2/2, 23, 10, , 11, 1, 
2023/2/3, 36, 8, , 3, 1, 
2023/2/4, 29, 13, , 2, 1, 
2023/2/5, 42, 22, , 8, 1, 
2023/2/6, 77, 60, , 22, 9, 
2023/2/7, 172, 38, , 15, 3, 
2023/2/8, 123, 58, , 22, 3, 
2023/2/9, 146, 40, , 17, 4, 
2023/2/10, 122, 33, , 9, 2, 
2023/2/11, 109, 18, , 9, 1, 
2023/2/12, 61, 29, , 14, 3, 
2023/2/13, 97, 19, , 11, 2, 
2023/2/14, 69, 31, , 10, 2, 
2023/2/15, 87, 46, , 15, 2, 
2023/2/16, 123, 30, , 15, 2, 
2023/2/17, 87, 9, , 5, 1, 
2023/2/18, 21, 9, , 4, 1, 
2023/2/19, 23, 14, , 8, 2, 
2023/2/20, 36, 9, , 6, 1, 
2023/2/21, 20, 26, , 13, 2, 
2023/2/22, 51, 27, , 11, 5, 
2023/2/23, 82, 31, , 16, 1, 
2023/2/24, 82, 10, , 5, 1, 
2023/2/25, 30, 10, , 2, , 
2023/2/26, 31, 14, , 3, , 
2023/2/27, 40, 31, , 9, 1, 
2023/2/28, 72, 47, , 16, 1, 
2023/3/1, 126, 54, , 14, 2, 
2023/3/2, 136, 46, , 14, 1, 
2023/3/3, 136, 30, , 6, 1, 
2023/3/4, 87, 13, , 6, 1, 
2023/3/5, 41, 16, , 13, 2, 
2023/3/6, 54, 26, , 14, 2, 
2023/3/7, 78, 17, , 9, 1, 
2023/3/8, 52, 16, , 14, 1, 
2023/3/9, 48, 19, , 10, 1, 
2023/3/10, 48, 10, , 6, 1, 
2023/3/11, 23, 13, , 6, 1, 
2023/3/12, 44, 15, , 12, 1, 
2023/3/13, 30, 15, , 13, 1, 
2023/3/14, 33, 16, , 8, , 
2023/3/15, 29, 25, , 12, 1, 
2023/3/16, 61, 36, , 9, 1, 
2023/3/17, 92, 28, , 11, 4, 
2023/3/18, 79, 38, , 12, 1, 
2023/3/19, 108, 42, , 18, 2, 
2023/3/20, 115, 30, , 13, 1, 
2023/3/21, 84, 32, , 15, 1, 
2023/3/22, 81, 25, , 17, 1, 
2023/3/23, 57, 21, , 13, 1, 
2023/3/24, 50, 12, , 8, 1, 
2023/3/25, 33, 9, , 7, 1, 
2023/3/26, 30, 17, , 6, , 
2023/3/27, 38, 14, , 8, 1, 
2023/3/28, 40, 22, , 15, 2, 
2023/3/29, 52, 26, , 15, 1, 
2023/3/30, 45, 15, , 12, 1, 
2023/3/31, 36, 12, , 6, 1, 
2022/10/1, 64, 12, , 5, 1, 
2022/10/2, 20, 11, , 7, 1, 
2022/10/3, 23, 16, , 9, 1, 
2022/10/4, 30, 30, , 11, 1, 
2022/10/5, 56, 24, , 14, 1, 
2022/10/6, 52, 20, , 8, 1, 
2022/10/7, 55, 26, , 8, 1, 
2022/10/8, 71, 17, , 5, 1, 
2022/10/9, 33, 18, , 9, 1, 
2022/10/10, 52, 27, , 13, 1, 
2022/10/11, 71, 27, , 9, 1, 
2022/10/12, 66, 37, , 9, 2, 
2022/10/13, 88, 35, , 13, 1, 
2022/10/14, 99, 28, , 7, 1, 
2022/10/15, 74, 24, , 11, 1, 
2022/10/16, 61, 32, , 13, 1, 
2022/10/17, 65, 32, , 14, 2, 
2022/10/18, 69, 12, , 9, 1, 
2022/10/19, 24, 13, , 8, 2, 
2022/10/20, 37, 31, , 13, 2, 
2022/10/21, 81, 37, , 12, 1, 
2022/10/22, 97, 20, , 10, 1, 
2022/10/23, 60, 27, , 12, 1, 
2022/10/24, 61, 17, , 12, 1, 
2022/10/25, 46, 30, , 14, 2, 
2022/10/26, 49, 31, , 14, 1, 
2022/10/27, 69, 32, , 14, 1, 
2022/10/28, 81, 27, , 10, 2, 
2022/10/29, 63, 28, , 11, 2, 
2022/10/30, 66, 40, , 13, 2, 
2022/10/31, 74, 29, , 7, 2, 
2022/11/1, 85, 22, , 11, 2, 
2022/11/2, 59, 30, , 10, 2, 
2022/11/3, 69, 24, , 10, 5, 
2022/11/4, 70, 17, , 9, 1, 
2022/11/5, 50, 19, , 4, 1, 
2022/11/6, 52, 20, , 12, 1, 
2022/11/7, 55, 32, , 13, 1, 
2022/11/8, 63, 36, , 15, 2, 
2022/11/9, 105, 38, , 14, 2, 
2022/11/10, 105, 27, , 11, 2, 
2022/11/11, 80, 28, , 12, 2, 
2022/11/12, 84, 35, , 7, 2, 
2022/11/13, 102, 23, , 5, 1, 
2022/11/14, 70, 38, , 12, 2, 
2022/11/15, 88, 27, , 7, 2, 
2022/11/16, 82, 8, , 3, 1, 
2022/11/17, 21, 17, , 5, 1, 
2022/11/18, 63, 24, , 6, 2, 
2022/11/19, 76, 58, , 9, 2, 
2022/11/20, 160, 58, , 11, 3, 
2022/11/21, 159, 36, , 9, 3, 
2022/11/22, 115, 30, , 7, 3, 
2022/11/23, 90, 28, , 11, 3, 
2022/11/24, 78, 50, , 15, 4, 
2022/11/25, 143, 37, , 12, 3, 
2022/11/26, 116, 23, , 7, 2, 
2022/11/27, 71, 29, , 9, 5, 
2022/11/28, 92, 33, , 8, 1, 
2022/11/29, 103, 31, , 8, 1, 
2022/11/30, 90, 22, , 6, 4, 
2022/12/1, 72, 24, , 5, 2, 
2022/12/2, 71, 53, , 7, 2, 
2022/12/3, 135, 22, , 4, 1, 
2022/12/4, 82, 26, , 9, 2, 
2022/12/5, 88, 28, , 9, 2, 
2022/12/6, 95, 14, , 4, 2, 
2022/12/7, 43, 22, , , 1, 
2022/12/8, 55, 32, , 6, 2, 
2022/12/9, 102, 24, , , , 
2022/12/10, 64, 17, , , 1, 
2022/12/11, 61, 23, , , 3, 
2022/12/12, 73, 17, , 18, 2, 
2022/12/13, 59, 46, , 16, 6, 
2022/12/14, 128, 44, , 18, 7, 
2022/12/15, 131, 34, , 10, 4, 
2022/12/16, 108, 44, , 11, 3, 
2022/12/17, 132, 38, , 12, 3, 
2022/12/18, 113, 57, , 26, 4, 
2022/12/19, 164, 68, , 34, 6, 
2022/12/20, 163, 56, , 23, 5, 
2022/12/21, 154, 47, , 22, 4, 
2022/12/22, 135, 19, , 21, 1, 
2022/12/23, 62, 17, , 11, 1, 
2022/12/24, 68, 22, , 11, 2, 
2022/12/25, 71, 21, , 12, 2, 
2022/12/26, 90, 10, , 7, 1, 
2022/12/27, 28, 18, , 18, 1, 
2022/12/28, 44, 21, , 23, 2, 
2022/12/29, 53, 36, , 19, 3, 
2022/12/30, 97, 22, , 10, 3, 
2022/12/31, 92, 25, , 13, 2, 
2023/1/1, 149, 40, , 16, 2, 
2022/7/1, 62, 14, , 4, 1, 
2022/7/2, 45, 13, , 3, 1, 
2022/7/3, 39, 19, , 6, 1, 
2022/7/4, 37, 17, , 8, 1, 
2022/7/5, 41, 12, , 3, 1, 
2022/7/6, 30, 19, , 6, 1, 
2022/7/7, 32, 13, , 8, , 
2022/7/8, 32, 13, , 4, , 
2022/7/9, 24, 11, , 3, , 
2022/7/10, 23, 9, , 6, 1, 
2022/7/11, 13, 11, , 6, , 
2022/7/12, 18, 14, , 7, 1, 
2022/7/13, 16, 22, , 10, , 
2022/7/14, 28, 14, , 4, , 
2022/7/15, 21, 13, , 5, 1, 
2022/7/16, 20, 12, , 4, , 
2022/7/17, 17, 17, , 8, 1, 
2022/7/18, 20, 22, , 10, 1, 
2022/7/19, 27, 24, , 11, 1, 
2022/7/20, 37, 21, , 7, 3, 
2022/7/21, 41, 30, , 11, 2, 
2022/7/22, 56, 29, , 8, , 
2022/7/23, 57, 17, , 3, , 
2022/7/24, 40, 13, , 6, 1, 
2022/7/25, 23, 20, , 9, 1, 
2022/7/26, 45, 20, , 6, 1, 
2022/7/27, 45, 17, , 3, 1, 
2022/7/28, 20, 17, , 4, 2, 
2022/7/29, 30, 14, , 6, 1, 
2022/7/30, 43, 8, , 5, , 
2022/7/31, 18, 17, , 8, 1, 
2022/8/1, 38, 21, , 6, 1, 
2022/8/2, 56, 25, , 6, , 
2022/8/3, 58, 24, , 6, 2, 
2022/8/4, 51, 27, , 10, 3, 
2022/8/5, 53, 16, , 6, 1, 
2022/8/6, 41, 13, , 2, , 
2022/8/7, 22, 14, , 3, 1, 
2022/8/8, 14, 20, , 3, 1, 
2022/8/9, 19, 18, , 4, 2, 
2022/8/10, 20, 14, , 4, 1, 
2022/8/11, 17, 14, , 4, 3, 
2022/8/12, 37, 13, , 2, 1, 
2022/8/13, 46, 12, , 2, 1, 
2022/8/14, 38, 17, , 5, 2, 
2022/8/15, 61, 22, , 10, 11, 
2022/8/16, 52, 32, , 9, 8, 
2022/8/17, 61, 24, , 6, 5, 
2022/8/18, 64, 24, , 6, 2, 
2022/8/19, 62, 22, , 6, 2, 
2022/8/20, 45, 19, , 4, 2, 
2022/8/21, 45, 20, , 7, 10, 
2022/8/22, 40, 17, , 9, 5, 
2022/8/23, 43, 32, , 6, 4, 
2022/8/24, 50, 40, , 7, 7, 
2022/8/25, 43, 33, , 8, 5, 
2022/8/26, 44, 27, , 9, 4, 
2022/8/27, 52, 15, , 6, 2, 
2022/8/28, 37, 16, , 7, 4, 
2022/8/29, 40, 18, , 7, 6, 
2022/8/30, 33, 14, , 4, 4, 
2022/8/31, 19, 15, , 3, 2, 
2022/9/1, 13, 16, , 4, 3, 
2022/9/2, 14, 15, , 2, , 
2022/9/3, 28, 13, , 5, 2, 
2022/9/4, 41, 23, , 4, 2, 
2022/9/5, 40, 19, , 3, 1, 
2022/9/6, 28, 22, , 5, 2, 
2022/9/7, 38, 28, , 6, 2, 
2022/9/8, 58, 14, , 8, 6, 
2022/9/9, 33, 14, , 4, 2, 
2022/9/10, 44, 12, , 5, 3, 
2022/9/11, 32, 13, , 6, 6, 
2022/9/12, 27, 15, , 10, 11, 
2022/9/13, 38, 14, , 13, 14, 
2022/9/14, 33, 11, , 10, 11, 
2022/9/15, 30, 16, , 9, 8, 
2022/9/16, 33, 14, , 7, 5, 
2022/9/17, 31, 10, , 4, 3, 
2022/9/18, 20, 11, , 8, 9, 
2022/9/19, 21, 12, , 8, 9, 
2022/9/20, 35, 12, , 9, 7, 
2022/9/21, 38, 13, , 9, 9, 
2022/9/22, 37, 18, , 9, 21, 
2022/9/23, 49, 22, , 5, 20, 
2022/9/24, 58, 25, , 5, 11, 
2022/9/25, 77, 26, , 8, 18, 
2022/9/26, 83, 15, , 6, 2, 
2022/9/27, 56, 14, , 9, 1, 
2022/9/28, 24, 14, , 10, 1, 
2022/9/29, 35, 17, , 5, 1, 
2022/9/30, 59, 20, , 7, 1, 
2022/4/1, 36, 17, , 5, 1, 
2022/4/2, 52, 18, , 4, 1, 
2022/4/3, 45, 21, , 9, 2, 
2022/4/4, 55, 15, , 12, 4, 
2022/4/5, 38, 17, , 10, 5, 
2022/4/6, 28, 20, , 11, 4, 
2022/4/7, 33, 13, , 5, 2, 
2022/4/8, 9, 16, , 7, 2, 
2022/4/9, 40, 19, , 6, 2, 
2022/4/10, 51, 21, , 10, 3, 
2022/4/11, 50, 39, , 11, 4, 
2022/4/12, 71, 37, , 10, 7, 
2022/4/13, 73, 36, , 15, 6, 
2022/4/14, 67, 29, , 14, 3, 
2022/4/15, 64, 12, , 2, 1, 
2022/4/16, 27, 16, , 2, 1, 
2022/4/17, 34, 20, , 5, 2, 
2022/4/18, 48, 20, , 5, 2, 
2022/4/19, 48, 34, , 12, 3, 
2022/4/20, 89, 34, , 11, 4, 
2022/4/21, 93, 29, , 8, 3, 
2022/4/22, 77, 22, , 5, 2, 
2022/4/23, 49, 28, , 7, 3, 
2022/4/24, 80, 16, , 12, 2, 
2022/4/25, 46, 24, , 8, 2, 
2022/4/26, 57, 29, , 12, 2, 
2022/4/27, 71, 23, , 9, 1, 
2022/4/28, 49, 32, , 13, 2, 
2022/4/29, 65, 27, , 10, 2, 
2022/4/30, 57, 30, , 10, 3, 
2022/5/1, 84, 32, , 11, 3, 
2022/5/2, 73, 33, , 9, 3, 
2022/5/3, 71, 23, , 6, 3, 
2022/5/4, 48, 23, , 9, 3, 
2022/5/5, 46, 23, , 12, 2, 
2022/5/6, 61, 23, , 7, 1, 
2022/5/7, 58, 27, , 7, 2, 
2022/5/8, 66, 17, , 4, 1, 
2022/5/9, 32, 21, , 7, 3, 
2022/5/10, 33, 26, , 12, 1, 
2022/5/11, 47, 31, , 10, 1, 
2022/5/12, 39, 27, , 9, 2, 
2022/5/13, 28, 23, , 5, 2, 
2022/5/14, 40, 20, , 6, 2, 
2022/5/15, 47, 18, , 8, 1, 
2022/5/16, 26, 20, , 6, 3, 
2022/5/17, 28, 20, , 4, 1, 
2022/5/18, 13, 26, , 12, 1, 
2022/5/19, 31, 28, , 13, 1, 
2022/5/20, 35, 24, , 6, 1, 
2022/5/21, 19, 12, , 2, 2, 
2022/5/22, 15, 13, , 4, 1, 
2022/5/23, 19, 19, , 9, 4, 
2022/5/24, 44, 19, , 9, 1, 
2022/5/25, 52, 18, , 7, 1, 
2022/5/26, 31, 14, , 8, 1, 
2022/5/27, 14, 13, , 5, 1, 
2022/5/28, 21, 13, , 4, 1, 
2022/5/29, 21, 15, , 7, 1, 
2022/5/30, 39, 17, , 7, 3, 
2022/5/31, 43, 20, , 12, 2, 
2022/6/1, 38, 14, , 10, 1, 
2022/6/2, 34, 14, , 6, 2, 
2022/6/3, 33, 17, , 6, 2, 
2022/6/4, 54, 18, , 3, 1, 
2022/6/5, 52, 17, , 8, 3, 
2022/6/6, 50, 20, , 7, 2, 
2022/6/7, 42, 14, , 4, 1, 
2022/6/8, 44, 15, , 9, 1, 
2022/6/9, 51, 15, , 7, 1, 
2022/6/10, 48, 15, , 2, 1, 
2022/6/11, 35, 14, , 5, 1, 
2022/6/12, 35, 19, , 8, 2, 
2022/6/13, 35, 34, , 6, 1, 
2022/6/14, 24, 22, , 6, 2, 
2022/6/15, 27, 17, , 5, 2, 
2022/6/16, 42, 16, , 5, 1, 
2022/6/17, 40, 17, , 7, 3, 
2022/6/18, 41, 25, , 8, 2, 
2022/6/19, 37, 23, , 10, 2, 
2022/6/20, 32, 17, , 5, 1, 
2022/6/21, 18, 18, , 7, 1, 
2022/6/22, 25, 16, , 6, 1, 
2022/6/23, 27, 16, , 6, 2, 
2022/6/24, 35, 17, , 4, 3, 
2022/6/25, 43, 19, , 5, 4, 
2022/6/26, 46, 18, , 6, 3, 
2022/6/27, 47, 25, , 8, 2, 
2022/6/28, 54, 25, , 6, 1, 
2022/6/29, 58, 32, , 7, 2, 
2022/6/30, 66, 31, , 9, 4, 
2022/1/3, 22, 9, , 13, 3, 4
2022/1/4, 18, 12, , 12, 3, 4
2022/1/5, 31, 10, , 3, 3, 3
2022/1/6, 20, 28, , 17, 2, 6
2022/1/7, 63, 47, , 17, 2, 9
2022/1/8, 120, 50, , 12, 3, 8
2022/1/9, 131, 37, 13, 7, 2, 7
2022/1/10, 110, 31, 13, 6, 1, 4
2022/1/11, 80, 29, 12, 9, 3, 4
2022/1/12, 81, 30, 10, 10, 5, 5
2022/1/13, 83, 22, 15, 9, 3, 5
2022/1/14, 65, 26, 13, 9, 3, 5
2022/1/15, 70, 42, 7, 14, 4, 7
2022/1/16, 123, 13, , 7, 2, 5
2022/1/17, 39, 19, , 10, 4, 4
2022/1/18, 50, 32, , 17, 4, 7
2022/1/19, 69, 16, , 8, 3, 5
2022/1/20, 38, 14, , 9, 3, 5
2022/1/21, 35, 14, , 9, 3, 5
2022/1/22, 41, 20, , 5, 4, 5
2022/1/23, 59, 47, , 19, 5, 7
2022/1/24, 107, 39, , 14, 6, 7
2022/1/25, 101, 22, , 12, 3, 6
2022/1/26, 74, 18, , 9, 3, 6
2022/1/27, 63, 10, , 7, 2, 5
2022/1/28, 26, 14, , 7, 3, 5
2022/1/29, 37, 11, , 2, 2, 5
2022/1/30, 17, 27, , 13, 3, 6
2022/1/31, 42, 32, , 12, 4, 7
2022/2/1, 74, 8, , 8, 2, 6
2022/2/2, 23, 17, , 14, 2, 6
2022/2/3, 47, 20, , 16, 2, 7
2022/2/4, 57, 14, , 6, 2, 6
2022/2/5, 36, 10, , 5, 3, 6
2022/2/6, 23, 9, , 9, 3, 6
2022/2/7, 18, 15, , 7, 2, 6
2022/2/8, 33, 12, , 8, 2, 7
2022/2/9, 46, 21, , 15, 3, 5
2022/2/10, 48, 16, , 11, 2, 2
2022/2/11, 50, 26, , 9, 2, 1
2022/2/12, 50, 36, , 14, , 4
2022/2/13, 86, 31, , 18, 1, 5
2022/2/14, 89, 50, , 21, 2, 7
2022/2/15, 113, 38, , 12, 2, 6
2022/2/16, 89, 10, , 5, 2, 2
2022/2/17, 8, 11, , 9, 1, 2
2022/2/18, 20, 12, , 4, 1, 1
2022/2/19, 16, 14, , 7, 2, 2
2022/2/20, 32, 11, , 10, 2, 2
2022/2/21, 15, 15, , 10, 1, 2
2022/2/22, 29, 18, , 10, 1, 2
2022/2/23, 33, 31, , 16, 1, 4
2022/2/24, 55, 20, , 17, 1, 3
2022/2/25, 48, 49, , 15, 2, 4
2022/2/26, 87, 30, , 5, , 3
2022/2/27, 66, 30, , 6, 1, 2
2022/2/28, 50, , , 14, 1, 4
2022/3/1, 78, 34, , 16, 3, 6
2022/3/2, 114, 49, , 16, 8, 5
2022/3/3, 133, 30, , 7, 2, 3
2022/3/4, 72, 27, , 3, 2, 2
2022/3/5, 64, 26, , 3, 2, 2
2022/3/6, 62, 25, , 11, 2, 3
2022/3/7, 73, 25, , 8, 6, 3
2022/3/8, 62, 32, , 11, 7, 4
2022/3/9, 109, 24, 21, 4, 3, 3
2022/3/10, 55, 38, 20, 7, 6, 3
2022/3/11, 74, 47, 21, 12, 4, 5
2022/3/12, 108, 52, 24, 9, 6, 6
2022/3/13, 131, 48, 21, 16, 6, 6
2022/3/14, 115, 55, 25, 16, 6, 7
2022/3/15, 119, 60, 1, 16, 5, 6
2022/3/16, 126, 50, , 7, 5, 4
2022/3/17, 109, 42, , 7, 6, 4
2022/3/18, 87, 47, , 8, 5, 4
2022/3/19, 108, 41, , 8, 5, 4
2022/3/20, 110, 49, , 15, 5, 5
2022/3/21, 115, 58, , 18, 4, 6
2022/3/22, 126, 58, , 25, 3, 8
2022/3/23, 106, 40, , 12, 3, 6
2022/3/24, 98, , , , , 
2022/3/27, 26, 36, , 15, 3, 
2022/3/28, 76, 37, , 17, 4, 
2022/3/29, 80, 33, , 9, 2, 
2022/3/30, 74, 16, , 4, 1, 
2022/3/31, 53, 11, , 5, 1, 
2021/10/1, 67, 23, , 7, 1, 4
2021/10/2, 76, 19, , 3, 1, 5
2021/10/3, 101, 25, , , , 
2021/10/13, 51, 25, , 12, 3, 2
2021/10/14, 65, 13, , 12, 3, 2
2021/10/15, 39, 16, , 8, 2, 2
2021/10/16, 51, 25, , 9, 2, 3
2021/10/17, 77, 33, , 13, 3, 4
2021/10/18, 103, 26, , 15, 3, 3
2021/10/19, 62, 22, , 14, 2, 3
2021/10/20, 43, 24, , 9, 3, 3
2021/10/21, 47, 14, , 6, 3, 1
2021/10/22, 18, 15, , 5, 2, 2
2021/10/23, 33, 27, , 10, 3, 3
2021/10/24, 67, 31, , 12, 3, 5
2021/10/25, 93, 50, , 19, 4, 6
2021/10/26, 122, 38, , 17, 4, 5
2021/10/27, 99, 48, , 14, 2, 7
2021/10/28, 109, 47, , 15, 4, 8
2021/10/29, 133, 32, , 13, 3, 5
2021/10/30, 105, 26, , 11, 3, 5
2021/10/31, 79, 24, , 9, 3, 5
2021/11/1, 93, 28, , 14, 3, 5
2021/11/2, 99, 17, , 10, 3, 4
2021/11/3, 46, 13, , 9, 5, 3
2021/11/4, 42, 13, , 9, 3, 3
2021/11/5, 31, 21, , 11, 2, 4
2021/11/6, 56, 26, , 6, 2, 5
2021/11/7, 87, 17, , 10, 3, 4
2021/11/8, 47, 24, , 10, 2, 4
2021/11/9, 73, 33, , 12, 2, 7
2021/11/10, 111, 54, , 11, 3, 9
2021/11/11, 153, 51, , 10, 4, 5
2021/11/12, 130, 46, , 8, 3, 5
2021/11/13, 134, 44, , 7, 4, 6
2021/11/14, 127, 42, , 7, 4, 5
2021/11/15, 121, 38, , 10, 3, 5
2021/11/16, 110, 41, , 11, 3, 6
2021/11/17, 102, 20, , 9, 4, 5
2021/11/18, 63, 13, , 7, 3, 3
2021/11/19, 47, 14, , 6, 3, 2
2021/11/20, 53, 17, , 7, 4, 3
2021/11/21, 57, 24, , 11, 3, 3
2021/11/22, 73, 16, , 9, 3, 2
2021/11/23, 48, 23, , 17, 3, 4
2021/11/24, 56, 48, , 17, 4, 8
2021/11/25, 135, 37, , 12, 3, 8
2021/11/26, 134, 26, , 10, 4, 5
2021/11/27, 77, 39, , 8, 3, 6
2021/11/28, 121, 22, , 11, 4, 4
2021/11/29, 81, 12, , 7, 3, 2
2021/12/1, 49, 14, , 10, 3, 1
2021/12/2, 28, 20, , 14, 3, 2
2021/12/3, 48, 27, , 14, 2, 2
2021/12/4, 63, 23, , 10, 3, 3
2021/12/5, 79, 36, , 10, 2, 5
2021/12/6, 112, 29, , 6, 2, 2
2021/12/7, 87, 27, , 6, 2, 2
2021/12/8, 84, 31, , 7, 3, 3
2021/12/9, 96, 59, , 16, 5, 6
2021/12/10, 154, 57, , 15, 5, 7
2021/12/11, 146, 41, , 9, 3, 4
2021/12/12, 120, 88, , 20, 4, 9
2021/12/13, 176, 85, , 18, 4, 11
2021/12/14, 197, 53, , 15, 7, 6
2021/12/15, 144, 28, , 12, 4, 4
2021/12/16, 87, 14, , 6, 2, 2
2021/12/17, 48, 19, , 7, 2, 2
2021/12/18, 61, 10, , 5, 2, 2
2021/12/19, 38, 9, , 7, 2, 2
2021/12/20, 30, 20, , 15, 3, 3
2021/12/21, 60, 49, , 20, 6, 7
2021/12/22, 120, 67, , 18, 3, 13
2021/12/23, 163, , , , , 
2021/12/26, 139, 50, , 9, 4, 8
2021/12/27, 135, 30, , 7, 3, 6
2021/12/28, 97, 44, , 14, 3, 7
2021/12/29, 130, 53, , 18, 4, 12
2021/12/30, 153, 11, , 7, 3, 4
2021/12/31, 35, 14, , 5, 2, 4
2022/1/1, 45, 16, , 9, 2, 5
2022/1/2, 57, 10, , 6, 2, 4
2021/7/1, 41, 15, , 8, 1, 
2021/7/2, 37, 17, , 7, 1, 
2021/7/3, 50, 16, , 6, 1, 
2021/7/4, 52, 19, , 8, 2, 
2021/7/5, 51, 21, , 7, 2, 
2021/7/6, 58, 23, , 7, 2, 
2021/7/7, 63, 27, , 7, 2, 1
2021/7/8, 63, 19, , 8, 1, 1
2021/7/9, 61, 10, , 3, 1, 
2021/7/10, 21, 15, , 4, 2, 
2021/7/11, 51, 13, , 10, 1, 1
2021/7/12, 48, 19, , 6, 2, 1
2021/7/13, 62, 30, , 6, 2, 2
2021/7/14, 75, 16, , 7, 1, 1
2021/7/15, 52, 22, , 6, , 1
2021/7/16, 64, 19, , 3, , 
2021/7/17, 53, 22, , 3, , 
2021/7/18, 58, 18, , 2, , 
2021/7/19, 45, 16, , 8, , 1
2021/7/20, 48, 19, , 6, , 
2021/7/21, 43, 16, , 6, , 1
2021/7/22, 45, 19, , 6, 1, 1
2021/7/23, 53, 18, , 5, 1, 1
2021/7/24, 61, 21, , 5, 2, 1
2021/7/25, 63, 14, , 8, 1, 1
2021/7/26, 41, 16, , 10, , 1
2021/7/27, 53, 21, , 8, , 1
2021/7/28, 55, 14, , 7, 1, 1
2021/7/29, 41, 19, , 10, 1, 1
2021/7/30, 44, 17, , 6, , 2
2021/7/31, 48, 13, , 6, , 1
2021/8/1, 38, 11, , 6, , 
2021/8/2, 26, 10, , 6, 1, 
2021/8/3, 24, 12, , 7, 1, 2
2021/8/4, 36, 7, , 3, 1, 1
2021/8/5, 32, 6, , 8, 1, 1
2021/8/6, 17, 11, , 6, 2, 2
2021/8/7, 34, 7, , 4, 1, 1
2021/8/8, 19, 11, , 7, 1, 2
2021/8/9, 21, 15, , 8, 1, 2
2021/8/10, 39, 15, , 6, 1, 2
2021/8/11, 36, 20, , 9, 1, 2
2021/8/12, 42, 23, , 8, 1, 2
2021/8/13, 58, 25, , 8, 1, 3
2021/8/16, 45, 11, , 8, 1, 1
2021/8/17, 22, 13, , 9, 1, 1
2021/8/18, 28, 14, , 8, , 1
2021/8/19, 26, 18, , 10, 1, 2
2021/8/20, 45, 14, , 6, 2, 2
2021/8/21, 54, 15, , 5, 1, 1
2021/8/22, 57, 10, , 9, , 2
2021/8/23, 37, 8, , 6, , 1
2021/8/24, 24, 17, , 9, 1, 1
2021/8/25, 45, 17, , 11, , 2
2021/8/26, 43, 13, , 10, 1, 1
2021/8/27, 42, 14, , 6, 1, 1
2021/8/28, 41, 12, , 3, 1, 1
2021/8/29, 45, 9, , 8, 1, 1
2021/8/30, 39, 6, , 9, 1, 1
2021/8/31, 25, 10, , 7, 1, 1
2021/9/1, 32, 14, , 10, 1, 1
2021/9/2, 41, 21, , 11, 1, 2
2021/9/3, 54, 21, , 5, 1, 1
2021/9/4, 69, 10, , 6, 2, 
2021/9/5, 33, 12, , 7, 2, 1
2021/9/6, 41, 22, , 12, 1, 2
2021/9/7, 64, 26, , 9, 1, 2
2021/9/8, 71, 23, , 9, , 3
2021/9/9, 70, 29, , 11, , 3
2021/9/10, 71, 26, , 9, , 3
2021/9/11, 76, 20, , 8, 1, 3
2021/9/12, 70, 20, , 10, 1, 3
2021/9/13, 66, 21, , 8, 2, 3
2021/9/14, 68, 26, , 8, 2, 2
2021/9/15, 90, 33, , 13, 1, 4
2021/9/16, 89, 11, , 11, 1, 2
2021/9/17, 43, 9, , 5, 1, 2
2021/9/18, 29, 12, , 4, 1, 1
2021/9/19, 43, 10, , 5, 1, 1
2021/9/20, 35, 15, , 10, 1, 2
2021/9/21, 48, 11, , 8, , 2
2021/9/22, 41, 21, , 9, 1, 2
2021/9/23, 58, 16, , 9, 1, 2
2021/9/24, 35, 15, , 8, 1, 3
2021/9/25, 57, 20, , 4, 1, 3
2021/9/26, 76, 22, , 6, 2, 2
2021/9/27, 70, 17, , 5, 1, 2
2021/9/28, 53, 20, , 6, 2, 2
2021/9/29, 73, 21, , 11, , 4
2021/9/30, 75, 13, , 5, 1, 3
2021/4/1, 92, 19, , 6, 2, 1
2021/4/2, 53, 21, , 6, 2, 2
2021/4/3, 71, 12, , 5, 1, 1
2021/4/4, 44, 15, , 4, 2, 1
2021/4/5, 43, 15, , 8, 2, 1
2021/4/6, 51, 22, , 10, 3, 2
2021/4/7, 63, 15, , 10, 2, 1
2021/4/8, 48, 18, , 13, 1, 2
2021/4/9, 52, 27, , 15, 1, 2
2021/4/10, 61, 18, , 9, 1, 2
2021/4/11, 67, 21, , 9, 2, 1
2021/4/12, 70, 11, , 5, 1, 1
2021/4/13, 38, 10, , 6, 1, 1
2021/4/14, 47, 10, , 10, 1, 1
2021/4/15, 47, 14, , 10, 2, 1
2021/4/16, 58, 23, , 11, 2, 2
2021/4/17, 72, 27, , 9, 2, 2
2021/4/18, 83, 37, , 20, 2, 4
2021/4/19, 114, 24, , 15, 2, 2
2021/4/20, 74, 30, , 14, 5, 2
2021/4/21, 90, 22, , 11, 2, 1
2021/4/22, 66, 20, , 10, 2, 1
2021/4/23, 59, 27, , 9, 3, 1
2021/4/24, 65, 18, , 4, 1, 1
2021/4/25, 54, 25, , 9, 2, 1
2021/4/26, 61, 24, , 6, 4, 1
2021/4/27, 75, 27, , 10, 7, 2
2021/4/28, 82, 28, , 16, 2, 2
2021/4/29, 74, 21, , 14, 2, 1
2021/4/30, 59, 26, , 4, 2, 1
2021/5/1, 87, 16, , 3, 2, 
2021/5/2, 56, 11, , 6, 1, 
2021/5/3, 37, 18, , 11, 1, 1
2021/5/4, 49, 14, , 12, 2, 
2021/5/5, 34, 10, , 8, 2, 
2021/5/6, 25, 9, , 8, 2, 
2021/5/7, 28, 16, , 7, 2, 
2021/5/8, 52, 15, , 8, 1, 1
2021/5/9, 55, 13, , 11, 2, 
2021/5/10, 35, 19, , 7, 3, 
2021/5/11, 55, 25, , 7, 5, 
2021/5/12, 58, 20, , 9, 3, 
2021/5/13, 57, 19, , 8, 2, 
2021/5/14, 60, 10, , 5, 2, 
2021/5/15, 40, 8, , 6, 2, 
2021/5/16, 38, 8, , 9, 2, 1
2021/5/17, 40, 8, , 10, 2, 1
2021/5/18, 39, 15, , 9, 2, 1
2021/5/19, 49, 10, , 6, 1, 1
2021/5/20, 29, 15, , 9, 1, 1
2021/5/21, 33, 10, , 7, 1, 1
2021/5/22, 25, 12, , 6, , 1
2021/5/23, 20, 10, , 5, , 1
2021/5/24, 31, 11, , 11, 1, 1
2021/5/25, 36, 12, , 9, , 1
2021/5/26, 24, 12, , 9, 1, 1
2021/5/27, 23, 9, , 8, 2, 1
2021/5/28, 29, 9, , 7, , 1
2021/5/29, 32, 9, , 3, , 
2021/5/30, 34, 10, , 5, , 
2021/5/31, 34, 14, , 9, , 1
2021/6/1, 39, 16, , 7, , 
2021/6/2, 48, 15, , 7, , 1
2021/6/3, 47, 18, , 6, , 
2021/6/4, 49, 15, , 7, , 1
2021/6/5, 54, 15, , 6, , 
2021/6/6, 50, 16, , 9, , 1
2021/6/7, 44, 18, , 7, , 1
2021/6/8, 50, 17, , 7, , 1
2021/6/9, 51, 13, , 6, , 1
2021/6/10, 32, 17, , 12, 1, 1
2021/6/11, 52, 18, , 7, 1, 1
2021/6/12, 52, 11, , 2, , 
2021/6/13, 26, 9, , 5, , 
2021/6/14, 23, 18, , 9, 1, 1
2021/6/15, 42, 23, , 9, 1, 1
2021/6/16, 55, 23, , 7, 2, 1
2021/6/17, 71, 20, , 7, 3, 1
2021/6/18, 62, 19, , 6, 3, 1
2021/6/19, 57, 13, , 4, 2, 
2021/6/20, 45, 25, , 5, 2, 
2021/6/21, 53, 34, , 8, 2, 1
2021/6/22, 59, 34, , 5, , 
2021/6/23, 76, 32, , 5, 1, 1
2021/6/24, 74, 12, , 6, , 
2021/6/25, 40, 15, , 5, , 
2021/6/26, 48, 17, , 5, 1, 1
2021/6/27, 54, 21, , 7, 1, 
2021/6/28, 55, 17, , 6, 3, 
2021/6/29, 60, 14, , 7, 2, 
2021/6/30, 33, 15, , 10, 2, 
2021/1/4, 145, 16, , 8, 2, 6
2021/1/5, 62, 30, , 9, 2, 7
2021/1/6, 95, 30, , 11, 3, 8
2021/1/7, 102, 32, , 15, 2, 6
2021/1/8, 73, 27, , 10, 4, 6
2021/1/9, 92, 38, , 10, 4, 7
2021/1/10, 115, 59, , 15, 2, 10
2021/1/11, 150, 50, , 15, 3, 10
2021/1/12, 114, 16, , 12, 4, 5
2021/1/13, 59, 21, , 13, 3, 5
2021/1/14, 68, 21, , 11, 4, 5
2021/1/15, 71, 20, , 8, 4, 5
2021/1/16, 65, 29, , 4, 3, 5
2021/1/17, 91, 66, , 20, 9, 8
2021/1/18, 154, 46, , 24, 5, 10
2021/1/19, 118, 27, , 21, 3, 8
2021/1/20, 63, 45, , 27, 4, 27
2021/1/21, 149, 22, , 21, 3, 12
2021/1/22, 77, 23, , 16, 1, 4
2021/1/23, 70, 23, , 10, 1, 2
2021/1/24, 74, 19, , 13, 1, 2
2021/1/25, 66, 26, , 12, 1, 2
2021/1/26, 82, 26, , 13, 2, 2
2021/1/27, 83, 34, , 16, 1, 4
2021/1/28, 104, 27, , 11, 2, 2
2021/1/29, 75, 33, , 9, 1, 3
2021/1/30, 105, 32, , 10, , 2
2021/1/31, 81, 59, , 12, 1, 5
2021/2/1, 150, 79, , 24, 1, 7
2021/2/2, 164, 34, , 20, 1, 6
2021/2/3, 95, 16, , 8, 1, 2
2021/2/4, 47, 24, , 5, 1, 2
2021/2/5, 83, 21, , 3, 1, 2
2021/2/6, 70, 25, , 3, 1, 2
2021/2/7, 73, 28, , 6, 2, 2
2021/2/8, 82, 66, , 16, 5, 5
2021/2/9, 162, 63, , 11, 4, 4
2021/2/10, 160, 39, , 7, 3, 3
2021/2/11, 103, 26, , 11, 2, 2
2021/2/12, 77, 43, , 13, 5, 3
2021/2/13, 127, 28, , 6, 2, 2
2021/2/14, 85, 53, , 20, 4, 4
2021/2/15, 123, 66, , 28, 3, 8
2021/2/16, 165, 42, , 19, 2, 4
2021/2/17, 127, 36, , 12, 1, 3
2021/2/18, 116, 57, , 21, 2, 6
2021/2/19, 157, 61, , 15, 1, 6
2021/2/20, 148, 52, , 13, , 7
2021/2/21, 137, 48, , 17, 1, 7
2021/2/22, 145, 57, , 19, 1, 7
2021/2/23, 142, 67, , 22, 3, 8
2021/2/24, 149, 75, , 20, 2, 9
2021/2/25, 162, 58, , 14, 3, 5
2021/2/26, 115, 22, , 8, 1, 3
2021/2/27, 66, 22, , 6, 1, 3
2021/2/28, 75, 27, , 11, 1, 3
2021/3/1, 72, 46, , 20, 3, 6
2021/3/2, 119, 53, , 21, 3, 8
2021/3/3, 120, 52, , 13, 4, 4
2021/3/4, 136, 20, , 8, 1, 3
2021/3/5, 65, 28, , 12, 3, 4
2021/3/6, 94, 26, , 9, 2, 4
2021/3/7, 77, 26, , 12, 4, 3
2021/3/8, 85, 44, , 13, 3, 4
2021/3/9, 109, 43, , 17, 2, 4
2021/3/10, 115, 41, , 13, 2, 4
2021/3/11, 106, 15, , 14, 2, 2
2021/3/12, 42, 16, , 9, 2, 2
2021/3/13, 39, 10, , 6, 3, 1
2021/3/14, 36, 37, , 13, 2, 3
2021/3/15, 87, 39, , 15, 3, 6
2021/3/16, 117, 21, , 4, 1, 1
2021/3/17, 69, 18, , 7, 1, 1
2021/3/18, 63, 31, , 16, 2, 3
2021/3/19, 105, 17, , 5, 2, 2
2021/3/20, 56, 23, , 7, 4, 2
2021/3/21, 77, 15, , 8, 2, 1
2021/3/22, 46, 34, , 11, 4, 2
2021/3/23, 98, 24, , 8, 2, 1
2021/3/24, 80, 54, , 17, 3, 3
2021/3/25, 130, 64, , 13, 3, 5
2021/3/26, 145, 35, , 9, 2, 3
2021/3/27, 95, 15, , 8, 1, 1
2021/3/28, 55, 32, , 15, 1, 3
2021/3/29, 91, 39, , 18, 2, 4
2021/3/30, 95, 49, , 15, 3, 5
2021/3/31, 112, 37, , 12, 2, 3
2020/10/1, 46, 14, , 18, 2, 3
2020/10/2, 66, 18, , 23, 3, 3
2020/10/3, 63, 15, , 20, 2, 3
2020/10/4, 32, 10, , 10, 2, 3
2020/10/5, 29, 17, , 11, 2, 4
2020/10/6, 36, 21, , 11, 1, 5
2020/10/7, 53, 23, , 11, , 5
2020/10/8, 69, 22, , 9, , 6
2020/10/9, 60, 16, , 6, , 5
2020/10/10, 70, 14, , 3, , 3
2020/10/11, 50, 10, , 7, 1, 3
2020/10/12, 35, 7, , 8, 2, 3
2020/10/13, 26, 8, , 8, 3, 3
2020/10/14, 17, 14, , 9, 2, 4
2020/10/15, 55, 18, , 5, 1, 4
2020/10/16, 65, 7, , 5, 2, 3
2020/10/17, 31, 11, , 4, 2, 3
2020/10/18, 46, 17, , 10, 1, 3
2020/10/19, 52, 25, , 10, 1, 5
2020/10/20, 69, 27, , 11, 2, 6
2020/10/21, 74, 44, , 17, 2, 8
2020/10/22, 111, 47, , 14, 2, 8
2020/10/23, 120, 37, , 9, 1, 7
2020/10/24, 109, 29, , 6, 2, 7
2020/10/25, 109, 18, , 9, 2, 6
2020/10/26, 75, 22, , 13, 2, 5
2020/10/27, 68, 37, , 11, 2, 6
2020/10/28, 100, 23, , 10, 1, 5
2020/10/29, 64, 17, , 12, 1, 4
2020/10/30, 53, 21, , 6, , 4
2020/10/31, 55, 27, , 8, , 6
2020/11/1, 98, 24, , 10, 1, 8
2020/11/2, 89, 21, , 9, , 6
2020/11/3, 69, 18, , 8, , 4
2020/11/4, 55, 25, , 11, , 4
2020/11/5, 69, 33, , 14, 1, 5
2020/11/6, 100, 30, , 9, 1, 5
2020/11/7, 106, 38, , 10, 1, 7
2020/11/8, 103, 41, , 7, 1, 7
2020/11/9, 125, 24, , 7, 1, 4
2020/11/10, 71, 24, , 6, 1, 5
2020/11/11, 76, 27, , 11, 1, 5
2020/11/12, 82, 20, , 15, 2, 6
2020/11/13, 79, 33, , 12, 3, 6
2020/11/14, 100, 43, , 10, 3, 9
2020/11/15, 120, 21, , 12, 3, 6
2020/11/16, 76, 32, , 16, 3, 5
2020/11/17, 89, 41, , 16, 2, 5
2020/11/18, 99, 25, , 10, 2, 5
2020/11/19, 92, 19, , 11, 1, 2
2020/11/20, 55, 36, , 15, 2, 4
2020/11/21, 111, 29, , 10, 4, 4
2020/11/22, 90, 26, , 13, 4, 3
2020/11/23, 82, 35, , 18, 3, 5
2020/11/24, 81, 49, , 19, 3, 7
2020/11/25, 141, 46, , 15, 3, 5
2020/11/26, 131, 42, , 13, 4, 5
2020/11/27, 130, 28, , 11, 3, 4
2020/11/28, 91, 22, , 5, 2, 3
2020/11/29, 71, 38, , 11, 3, 5
2020/11/30, 114, 35, , 13, 2, 6
2020/12/1, 100, 40, , 9, 2, 6
2020/12/2, 127, 48, , 16, 4, 8
2020/12/3, 162, 18, , 17, 3, 8
2020/12/4, 90, 16, , 15, 1, 6
2020/12/5, 66, 13, , 10, 2, 6
2020/12/6, 69, 19, , 8, 3, 5
2020/12/7, 76, 26, , 7, 2, 5
2020/12/8, 92, 30, , 7, 3, 5
2020/12/9, 107, 27, , 6, 3, 4
2020/12/10, 96, 39, , 9, 2, 6
2020/12/11, 139, 27, , 8, 1, 4
2020/12/12, 99, 17, , 7, , 4
2020/12/13, 77, 27, , 12, 1, 4
2020/12/14, 83, 40, , 12, 1, 7
2020/12/15, 132, 53, , 16, 1, 10
2020/12/16, 140, 62, , 15, 1, 9
2020/12/17, 166, 43, , 13, 1, 8
2020/12/18, 130, 42, , 14, , 10
2020/12/19, 141, 33, , 13, 1, 8
2020/12/20, 131, 45, , 12, 1, 8
2020/12/21, 137, 42, , 12, 2, 10
2020/12/22, 140, 21, , 13, 2, 7
2020/12/23, 75, 15, , 11, 2, 8
2020/12/24, 61, 7, , 4, 1, 3
2020/12/25, 37, 14, , 7, 1, 3
2020/12/26, 60, 18, , 7, 2, 4
2020/12/27, 74, 7, , 7, 4, 4
2020/12/28, 29, 7, , 9, 3, 4
2020/12/29, 24, 27, , 17, 2, 7
2020/12/30, 72, 43, , 14, 3, 7
2020/12/31, 125, 45, , 9, 2, 6
2021/1/1, 117, 43, , 9, 2, 8
2021/1/2, 134, 37, , 9, 1, 10
2021/1/3, 154, 46, , 10, 2, 10
2020/7/1, 30, 12, , 9, 1, 2
2020/7/2, 29, 13, , 8, 1, 2
2020/7/3, 43, 16, , 6, , 2
2020/7/4, 50, 12, , 7, 1, 3
2020/7/5, 37, 8, , 7, 1, 2
2020/7/6, 25, 11, , 5, 1, 1
2020/7/7, 20, 12, , 8, 1, 2
2020/7/8, 28, 9, , 8, 1, 2
2020/7/9, 41, 16, , 10, 2, 3
2020/7/10, 41, 8, , 4, , 2
2020/7/11, 22, 9, , 4, , 2
2020/7/12, 35, 8, , 8, , 2
2020/7/13, 30, 10, , 6, 1, 2
2020/7/14, 32, 15, , 7, 1, 2
2020/7/15, 33, 12, , 10, 2, 3
2020/7/16, 37, 15, , 8, 2, 2
2020/7/17, 47, 15, , 5, 1, 3
2020/7/18, 47, 13, , 5, 1, 3
2020/7/19, 44, 12, , 7, 1, 3
2020/7/20, 36, 17, , 10, 1, 3
2020/7/21, 52, 14, , 8, 1, 3
2020/7/22, 36, 13, , 7, 2, 2
2020/7/23, 34, 15, , 6, 2, 2
2020/7/24, 40, 15, , 5, 2, 3
2020/7/25, 40, 11, , 5, 1, 3
2020/7/26, 35, 22, , 9, 2, 3
2020/7/27, 43, 16, , 9, 2, 3
2020/7/28, 41, 17, , 9, 1, 3
2020/7/29, 40, 21, , 11, 1, 4
2020/7/30, 50, 19, , 11, 2, 3
2020/7/31, 39, 12, , 3, 1, 3
2020/8/1, 30, 10, , 6, 1, 3
2020/8/2, 38, 16, , 8, 2, 4
2020/8/3, 40, 13, , 7, 2, 4
2020/8/4, 53, 10, , 3, 1, 3
2020/8/5, 32, 17, , 7, 1, 4
2020/8/6, 48, 26, , 10, 1, 5
2020/8/7, 68, 30, , 7, 1, 5
2020/8/8, 75, 17, , 5, 1, 4
2020/8/9, 57, 13, , 6, 1, 4
2020/8/10, 50, 16, , 9, 1, 4
2020/8/11, 47, 19, , 7, 1, 3
2020/8/12, 38, 18, , 7, 3, 4
2020/8/13, 43, 20, , 6, 3, 5
2020/8/14, 50, 22, , 3, 2, 4
2020/8/15, 49, 14, , 4, 2, 3
2020/8/16, 39, 13, , 8, 2, 4
2020/8/17, 44, 15, , 13, 2, 5
2020/8/18, 46, 20, , 10, 2, 5
2020/8/19, 67, 25, , 11, 2, 3
2020/8/20, 64, 23, , 11, 2, 3
2020/8/21, 53, 15, , 6, 1, 2
2020/8/22, 44, 7, , 6, 2, 1
2020/8/23, 29, 12, , 9, 2, 2
2020/8/24, 35, 17, , 11, 2, 2
2020/8/25, 37, 16, , 8, 2, 2
2020/8/26, 36, 13, , 8, 2, 1
2020/8/27, 18, 15, , 9, 3, 1
2020/8/28, 33, 14, , 6, 2, 2
2020/8/29, 38, 16, , 7, 3, 2
2020/8/30, 44, 10, , 6, 2, 1
2020/8/31, 17, 7, , 4, 2, 1
2020/9/1, 24, 10, , 8, 2, 2
2020/9/2, 21, 15, , 9, 1, 2
2020/9/3, 34, 14, , 11, 1, 2
2020/9/4, 37, 12, , 7, 2, 3
2020/9/5, 36, 7, , 5, 1, 2
2020/9/6, 28, 14, , 8, 1, 2
2020/9/7, 38, 16, , 10, 1, 2
2020/9/8, 39, 18, , 12, 2, 3
2020/9/9, 41, 16, , 12, 2, 3
2020/9/10, 47, 17, , 8, 3, 3
2020/9/11, 50, 22, , 7, 2, 4
2020/9/12, 60, 19, , 9, 1, 4
2020/9/13, 58, 28, , 12, 2, 4
2020/9/14, 62, 23, , 7, 2, 3
2020/9/15, 66, 32, , 12, 1, 4
2020/9/16, 75, 24, , 9, 1, 3
2020/9/17, 50, 15, , 6, 1, 2
2020/9/18, 28, 20, , 7, 1, 3
2020/9/19, 44, 23, , 6, 3, 3
2020/9/20, 58, 29, , 12, 2, 4
2020/9/21, 51, 31, , 12, 2, 4
2020/9/22, 68, 26, , 13, 3, 4
2020/9/23, 71, 26, , 12, 3, 4
2020/9/24, 73, 14, , 9, 4, 3
2020/9/25, 58, 8, , 5, 4, 2
2020/9/26, 28, 6, , 5, 3, 2
2020/9/27, 20, 10, , 7, 4, 2
2020/9/28, 45, 17, , 11, 2, 4
2020/9/29, 69, 17, , 23, 1, 5
2020/9/30, 70, 9, , 18, 2, 3
2020/4/1, 102, 40, , 16, 2, 6
2020/4/2, 88, 33, , 16, 2, 5
2020/4/3, 74, 30, , 9, 2, 5
2020/4/4, 80, 35, , 7, 3, 6
2020/4/5, 100, 35, , 14, 4, 5
2020/4/6, 81, 38, , 16, 1, 6
2020/4/7, 90, 43, , 25, 1, 7
2020/4/8, 91, 39, , 13, 2, 5
2020/4/9, 91, 24, , 6, , 3
2020/4/10, 46, 29, , 6, 1, 5
2020/4/11, 69, 23, , 7, 2, 5
2020/4/12, 54, 20, , 4, 1, 4
2020/4/13, 48, 16, , 3, , 3
2020/4/14, 28, 28, , 8, 2, 4
2020/4/15, 58, 29, , 9, 2, 4
2020/4/16, 50, 31, , 10, 1, 5
2020/4/17, 54, 24, , 5, 1, 4
2020/4/18, 46, 15, , 3, 1, 4
2020/4/19, 38, 21, , 6, , 4
2020/4/20, 47, 26, , 7, 1, 5
2020/4/21, 64, 23, , 8, 1, 5
2020/4/22, 56, 27, , 14, 1, 5
2020/4/23, 59, 31, , 12, 1, 5
2020/4/24, 63, 28, , 5, 2, 4
2020/4/25, 50, 12, , 5, 1, 4
2020/4/26, 35, 23, , 12, 1, 5
2020/4/27, 56, 28, , 14, 1, 6
2020/4/28, 60, 20, , 9, 1, 5
2020/4/29, 57, 22, , 7, 1, 5
2020/4/30, 72, 18, , 6, 2, 5
2020/5/1, 58, 13, , 4, 1, 5
2020/5/2, 39, 13, , 4, 1, 4
2020/5/3, 38, 22, , 11, 1, 4
2020/5/4, 63, 16, , 9, 1, 2
2020/5/5, 43, 16, , 9, 1, 2
2020/5/6, 55, 17, , 8, 1, 2
2020/5/7, 47, 27, , 12, 1, 3
2020/5/8, 101, 23, , , , 
2020/5/13, 41, 13, , 5, 1, 1
2020/5/14, 38, 20, , 9, 2, 2
2020/5/15, 69, 26, , 8, 2, 2
2020/5/16, 63, 21, , 8, 1, 2
2020/5/17, 57, 20, , 13, 2, 2
2020/5/18, 50, 22, , 9, 2, 1
2020/5/19, 49, 10, , 3, 1, 1
2020/5/20, 20, 10, , 4, 1, 
2020/5/21, 23, 12, , 5, 1, 1
2020/5/22, 37, 17, , 8, 1, 2
2020/5/23, 47, 11, , 3, 1, 1
2020/5/24, 24, 9, , 9, 1, 2
2020/5/25, 26, 8, , 5, 1, 1
2020/5/26, 28, 14, , 9, 1, 2
2020/5/27, 44, 17, , 8, , 2
2020/5/28, 45, 12, , 4, , 1
2020/5/29, 27, 10, , 6, 1, 1
2020/5/30, 29, 13, , 4, , 2
2020/5/31, 29, 16, , 5, , 2
2020/6/1, 38, 11, , 7, 1, 1
2020/6/2, 26, 16, , 6, 1, 1
2020/6/3, 36, 16, , 6, 2, 2
2020/6/4, 41, 12, , 10, 2, 2
2020/6/5, 23, 8, , 5, 1, 2
2020/6/6, 27, 15, , 5, 1, 2
2020/6/7, 42, 14, , 9, 1, 2
2020/6/8, 48, 14, , 3, , 1
2020/6/9, 43, 18, , 5, 1, 2
2020/6/10, 63, 14, , 5, 1, 2
2020/6/11, 54, 20, , 7, 1, 2
2020/6/12, 55, 24, , 4, 1, 2
2020/6/13, 56, 15, , 2, 1, 1
2020/6/14, 45, 10, , 5, 1, 1
2020/6/15, 35, 14, , 8, 1, 2
2020/6/16, 43, 13, , 9, 1, 2
2020/6/17, 49, 18, , 8, 1, 2
2020/6/18, 57, 19, , 10, 1, 3
2020/6/19, 52, 11, , 4, 1, 2
2020/6/20, 36, 14, , 4, 1, 2
2020/6/21, 39, 11, , 5, , 2
2020/6/22, 41, 11, , 6, , 1
2020/6/23, 24, 17, , 11, , 2
2020/6/24, 51, 12, , 5, , 2
2020/6/25, 52, 13, , 6, , 2
2020/6/26, 42, 14, , 7, , 2
2020/6/27, 54, 10, , 7, 1, 2
2020/6/28, 36, 9, , 11, 1, 3
2020/6/29, 39, 10, , 7, 1, 2
2020/6/30, 25, 11, , 10, 1, 2
2020/1/2, 122, 48, , 23, 6, 10
2020/1/3, 157, 70, , 6, 3, 1
2020/1/4, 40, 13, , 6, 1, 1
2020/1/5, 36, 13, , 14, 3, 4
2020/1/6, 102, 38, , 21, 3, 5
2020/1/7, 111, 47, , 19, 5, 5
2020/1/8, 107, 35, , 16, 2, 4
2020/1/9, 100, 37, , 19, 7, 6
2020/1/10, 119, 46, , 10, 3, 2
2020/1/11, 63, 18, , 12, 3, 3
2020/1/12, 66, 23, , 18, 3, 4
2020/1/13, 78, 31, , 20, 3, 11
2020/1/14, 161, 69, , 21, 4, 10
2020/1/15, 146, 68, , 20, 3, 11
2020/1/16, 147, 65, , 17, 3, 10
2020/1/17, 142, 62, , 17, 5, 8
2020/1/18, 134, 63, , 9, 4, 4
2020/1/19, 112, 47, , 12, 2, 1
2020/1/20, 76, 31, , 12, 3, 2
2020/1/21, 79, 29, , 13, 5, 3
2020/1/22, 84, 31, , 20, 2, 3
2020/1/23, 74, 31, , 19, 5, 8
2020/1/24, 134, 56, , 14, 6, 4
2020/1/25, 110, 45, , 14, 7, 5
2020/1/26, 148, 63, , 20, 8, 8
2020/1/27, 143, 61, , 19, 5, 9
2020/1/28, 99, 44, , 8, 5, 1
2020/1/29, 30, 11, , 10, 4, 1
2020/1/30, 36, 13, , 15, 5, 1
2020/1/31, 36, 14, , 12, 5, 1
2020/2/1, 29, 15, , 6, 4, 
2020/2/2, 22, 9, , 13, 4, 1
2020/2/3, 40, 12, , 9, 4, 1
2020/2/4, 29, 12, , 5, 2, 1
2020/2/5, 26, 11, , 14, 5, 2
2020/2/6, 80, 32, , 13, 2, 2
2020/2/7, 51, 21, , 20, 3, 5
2020/2/8, 100, 48, , 12, 3, 12
2020/2/9, 176, 53, , , , 
2020/2/24, 57, 22, , 16, 4, 3
2020/2/25, 37, 17, , 14, 4, 2
2020/2/26, 32, 13, , 14, 4, 2
2020/2/27, 49, 18, , 13, 4, 4
2020/2/28, 71, 25, , 7, 3, 2
2020/2/29, 41, 16, , 10, 3, 2
2020/3/1, 43, 16, , 16, 6, 3
2020/3/2, 50, 19, , 17, 4, 3
2020/3/3, 46, 13, , 14, 1, 2
2020/3/4, 51, 18, , 14, 2, 4
2020/3/5, 88, 46, , 19, 3, 4
2020/3/6, 66, 25, , 11, 1, 3
2020/3/7, 45, 16, , 10, , 3
2020/3/8, 67, 31, , 17, , 7
2020/3/9, 106, 47, , 17, 3, 6
2020/3/10, 87, 42, , 10, 1, 2
2020/3/11, 22, 9, , 10, 1, 3
2020/3/12, 31, 15, , 9, 1, 2
2020/3/13, 24, 10, , 4, , 2
2020/3/14, 27, 13, , 5, 3, 3
2020/3/15, 56, 26, , 15, , 4
2020/3/16, 69, 27, , 18, 3, 6
2020/3/17, 96, 41, , 19, 2, 6
2020/3/18, 113, 57, , 13, 2, 6
2020/3/19, 103, 47, , 10, 2, 3
2020/3/20, 85, 38, , 1, , 2
2020/3/21, 33, 12, , 1, , 2
2020/3/22, 29, 13, , 2, , 3
2020/3/23, 51, 22, , 4, 2, 3
2020/3/24, 58, 23, , 5, 3, 3
2020/3/25, 67, 30, , 8, 5, 4
2020/3/26, 78, 34, , 8, 4, 4
2020/3/27, 92, 43, , 14, 3, 5
2020/3/28, 131, 50, , 7, 4, 6
2020/3/29, 135, 52, , 5, , 3
2020/3/30, 28, 15, , 10, 3, 5
2020/3/31, 96, 39, , 13, 3, 5
2019/10/1, 27, 14, , 16, 2, 3
2019/10/2, 30, 12, , 13, 1, 2
2019/10/3, 47, 19, , 13, 2, 3
2019/10/4, 59, 12, , 5, 2, 2
2019/10/5, 48, 16, , 5, 1, 2
2019/10/6, 42, 27, , 9, , 3
2019/10/7, 68, 31, , 14, , 4
2019/10/8, 82, 17, , 14, 1, 3
2019/10/9, 50, 8, , 11, 1, 2
2019/10/10, 21, 16, , 16, 1, 3
2019/10/11, 41, 16, , 14, 1, 3
2019/10/12, 57, 26, , 14, , 5
2019/10/13, 65, 32, , 16, 1, 6
2019/10/14, 77, 32, , 15, 2, 5
2019/10/15, 91, 20, , 15, 1, 3
2019/10/16, 45, 24, , 14, 1, 4
2019/10/17, 51, 39, , 16, 1, 5
2019/10/18, 80, 49, , 12, 1, 6
2019/10/19, 102, 21, , 10, 1, 4
2019/10/20, 74, 33, , 18, 1, 6
2019/10/21, 72, 44, , 17, 1, 6
2019/10/22, 95, 40, , 12, 2, 6
2019/10/23, 125, 39, , 15, 3, 7
2019/10/24, 114, 48, , 19, 2, 7
2019/10/25, 113, 46, , 16, 1, 8
2019/10/26, 116, 33, , 12, 1, 5
2019/10/27, 85, 21, , 15, 1, 3
2019/10/28, 52, 39, , 15, 3, 5
2019/10/29, 106, 20, , 11, , 3
2019/10/30, 64, 47, , 15, 2, 6
2019/10/31, 127, 50, , 16, 2, 8
2019/11/1, 148, 27, , 12, 3, 5
2019/11/2, 83, 13, , 7, 3, 4
2019/11/3, 49, 13, , 16, 3, 4
2019/11/4, 40, 19, , 17, 3, 6
2019/11/5, 53, 36, , 17, 3, 6
2019/11/6, 78, 44, , 16, 4, 10
2019/11/7, 118, 32, , 13, 3, 8
2019/11/8, 102, 23, , 12, 3, 7
2019/11/9, 73, 16, , 8, 2, 4
2019/11/10, 49, 21, , 8, 2, 4
2019/11/11, 73, 13, , 15, 7, 6
2019/11/12, 76, 26, , 11, 4, 5
2019/11/13, 62, 19, , 10, 4, 4
2019/11/14, 63, 28, , 8, 3, 5
2019/11/15, 85, 29, , 11, 3, 7
2019/11/16, 81, 19, , 15, 3, 8
2019/11/17, 92, 23, , 28, 3, 12
2019/11/18, 87, 30, , 15, 2, 7
2019/11/19, 86, 28, , 12, 2, 9
2019/11/20, 119, 15, , 12, 3, 5
2019/11/21, 66, 18, , 5, 4, 6
2019/11/22, 61, 28, , 6, 4, 7
2019/11/23, 95, 25, , 6, 3, 12
2019/11/24, 111, 31, , 6, 3, 6
2019/11/25, 92, 29, , 6, 3, 7
2019/11/26, 94, 33, , 9, 4, 8
2019/11/27, 108, 55, , 12, 4, 15
2019/11/28, 154, 16, , 13, 4, 5
2019/11/29, 43, 20, , 11, 3, 5
2019/11/30, 56, 45, , 13, 3, 8
2019/12/1, 105, 41, , 10, 3, 8
2019/12/2, 113, 27, , 10, 2, 7
2019/12/3, 88, 58, , 11, 2, 10
2019/12/4, 118, 56, , 20, 3, 13
2019/12/5, 147, 50, , 19, 4, 10
2019/12/6, 112, 29, , 15, 5, 9
2019/12/7, 89, 21, , 14, 3, 8
2019/12/8, 41, 29, , 23, 3, 10
2019/12/9, 63, 21, , 13, 2, 8
2019/12/10, 60, 38, , 14, 2, 6
2019/12/11, 86, 56, , 20, 3, 9
2019/12/12, 151, 25, , 15, 5, 5
2019/12/13, 82, 15, , 15, 4, 3
2019/12/14, 49, 20, , 16, 3, 4
2019/12/15, 36, 31, , 16, 3, 6
2019/12/16, 83, 51, , 17, 3, 15
2019/12/17, 164, 60, , 29, 3, 16
2019/12/18, 134, 54, , 11, 2, 10
2019/12/19, 147, 31, , 19, 4, 4
2019/12/20, 79, 25, , 11, 5, 2
2019/12/21, 48, 25, , 10, 4, 4
2019/12/22, 65, 18, , 16, 4, 4
2019/12/23, 59, 13, , 8, 2, 2
2019/12/24, 38, 25, , 8, 3, 3
2019/12/25, 69, 14, , 6, 2, 1
2019/12/26, 46, 11, , 8, 2, 1
2019/12/27, 43, 8, , 2, , 
2019/12/28, 24, 12, , , , 
2019/7/1, 50, 19, , 8, 2, 5
2019/7/2, 38, 18, , 6, 1, 2
2019/7/3, 38, 18, , 10, 1, 1
2019/7/4, 44, 23, , 13, 3, 1
2019/7/5, 48, 21, , 8, 2, 1
2019/7/6, 53, 14, , 5, 2, 
2019/7/7, 35, 15, , 7, 2, 1
2019/7/8, 32, 15, , 11, 3, 1
2019/7/9, 34, 15, , 8, 3, 1
2019/7/10, 37, 13, , 8, 2, 1
2019/7/11, 31, 18, , 10, 3, 1
2019/7/12, 38, 16, , 6, 2, 2
2019/7/13, 47, 15, , 6, 2, 1
2019/7/14, 36, 15, , 7, 2, 1
2019/7/15, 36, 18, , 9, 2, 1
2019/7/16, 56, 15, , 15, 3, 2
2019/7/17, 43, 17, , 11, 3, 2
2019/7/18, 50, 28, , 13, 2, 2
2019/7/19, 58, 18, , 9, 2, 3
2019/7/20, 62, 17, , 7, 2, 2
2019/7/21, 43, 21, , 11, 2, 2
2019/7/22, 54, 14, , 11, 2, 2
2019/7/23, 44, 16, , 8, 2, 2
2019/7/24, 47, 18, , 8, 2, 2
2019/7/25, 44, 26, , 8, 3, 2
2019/7/26, 43, 21, , 6, 4, 2
2019/7/27, 48, 15, , 4, 4, 2
2019/7/28, 41, 19, , 8, 3, 2
2019/7/29, 44, 22, , 8, 3, 2
2019/7/30, 52, 25, , 7, 2, 2
2019/7/31, 61, 19, , 7, 2, 2
2019/8/1, 49, 18, , 7, 3, 2
2019/8/2, 47, 14, , 6, 3, 2
2019/8/3, 42, 14, , 6, 3, 1
2019/8/4, 48, 14, , 9, 3, 2
2019/8/5, 42, 21, , 11, 3, 2
2019/8/6, 48, 18, , 9, 3, 2
2019/8/7, 44, 16, , 10, 3, 2
2019/8/8, 42, 22, , 13, 3, 2
2019/8/9, 54, 17, , 6, 3, 2
2019/8/10, 53, 12, , 5, 3, 2
2019/8/11, 38, 19, , 8, 4, 3
2019/8/12, 55, 15, , 10, 3, 2
2019/8/13, 40, 14, , 9, 3, 2
2019/8/14, 43, 20, , 5, 3, 2
2019/8/15, 53, 18, , 11, 4, 2
2019/8/16, 53, 18, , 6, 3, 3
2019/8/17, 54, 17, , 7, 3, 3
2019/8/18, 47, 17, , 10, 2, 3
2019/8/19, 38, 9, , 5, 1, 2
2019/8/20, 49, 13, , 6, 1, 2
2019/8/21, 40, 16, , 5, 2, 2
2019/8/22, 52, 20, , 6, 3, 3
2019/8/23, 65, 20, , 7, 6, 4
2019/8/24, 71, 22, , 7, 5, 4
2019/8/25, 75, 26, , 9, 5, 4
2019/8/26, 75, 28, , 10, 2, 4
2019/8/27, 73, 23, , 9, 1, 3
2019/8/28, 67, 34, , 10, 2, 3
2019/8/29, 59, 26, , 9, 2, 3
2019/8/30, 73, 24, , 6, 3, 3
2019/8/31, 74, 25, , 8, 3, 4
2019/9/1, 67, 16, , 9, 2, 3
2019/9/2, 43, 12, , 9, 1, 2
2019/9/3, 36, 24, , 11, 2, 3
2019/9/4, 52, 20, , 11, 2, 3
2019/9/5, 53, 17, , 7, 2, 2
2019/9/6, 49, 21, , 11, 4, 3
2019/9/7, 78, 11, , 5, 2, 3
2019/9/8, 49, 15, , 10, 3, 3
2019/9/9, 50, 11, , 10, 2, 3
2019/9/10, 28, 16, , 9, 2, 4
2019/9/11, 53, 22, , 14, 2, 4
2019/9/12, 58, 19, , 14, 2, 4
2019/9/13, 46, 15, , 4, 1, 3
2019/9/14, 40, 17, , 8, 2, 3
2019/9/15, 50, 18, , 13, 3, 4
2019/9/16, 42, 14, , 9, 3, 3
2019/9/17, 27, 13, , 11, 3, 3
2019/9/18, 30, 15, , 11, 3, 3
2019/9/19, 41, 20, , 12, 3, 4
2019/9/20, 51, 26, , 9, 2, 4
2019/9/21, 66, 21, , 7, 3, 5
2019/9/22, 63, 18, , 8, 4, 4
2019/9/23, 63, 44, , 7, 6, 4
2019/9/24, 102, 37, , 12, 4, 5
2019/9/25, 97, 22, , 13, 4, 4
2019/9/26, 43, 25, , 12, 3, 4
2019/9/27, 43, 12, , 8, 3, 3
2019/9/28, 37, 10, , 9, 3, 3
2019/9/29, 31, 14, , 8, 4, 3
2019/9/30, 16, 12, , 16, 2, 3
2019/4/1, 36, 24, , 7, 6, 3
2019/4/2, 68, 36, , 11, 6, 3
2019/4/3, 83, 43, , 10, 5, 2
2019/4/4, 71, 39, , 13, 6, 4
2019/4/5, 72, 39, , 9, 4, 5
2019/4/6, 82, 26, , 15, 4, 5
2019/4/7, 70, 33, , 15, 4, 5
2019/4/8, 96, 36, , 10, 5, 3
2019/4/9, 81, 24, , 6, 4, 2
2019/4/10, 56, 23, , 6, 2, 2
2019/4/11, 58, 20, , 5, 2, 2
2019/4/12, 58, 31, , 7, 2, 3
2019/4/13, 78, 23, , 4, 4, 2
2019/4/14, 65, 29, , 9, 4, 3
2019/4/15, 63, 26, , 9, 5, 3
2019/4/16, 76, 24, , 12, 3, 3
2019/4/17, 62, 29, , 14, 3, 4
2019/4/18, 82, 34, , 15, 2, 4
2019/4/19, 77, 21, , 9, 3, 7
2019/4/20, 57, 13, , 8, 3, 
2019/4/21, 43, 16, , 7, 4, 
2019/4/22, 61, 19, , 8, 5, 
2019/4/23, 58, 25, , 6, 4, 
2019/4/24, 44, 30, , 15, 4, 
2019/4/25, 53, 43, , 15, 4, 
2019/4/26, 55, 23, , 9, 3, 
2019/4/27, 40, 15, , 8, 3, 
2019/4/28, 49, 9, , 12, 2, 
2019/4/29, 32, 14, , 7, 2, 
2019/4/30, 39, 16, , 6, 2, 3
2019/5/1, 47, 21, , 9, 2, 3
2019/5/2, 50, 22, , 8, 2, 3
2019/5/3, 53, 17, , 4, 2, 3
2019/5/4, 40, 11, , 4, 2, 3
2019/5/5, 30, 11, , 7, 2, 4
2019/5/6, 26, 14, , 10, 2, 4
2019/5/7, 34, 25, , 9, 2, 5
2019/5/8, 93, 19, , 14, 3, 5
2019/5/9, 44, 16, , 11, 2, 4
2019/5/10, 46, 17, , 7, 2, 4
2019/5/11, 39, 16, , 7, 2, 4
2019/5/12, 55, 7, , 5, , 3
2019/5/13, 25, 6, , 5, , 4
2019/5/14, 23, 8, , 6, 1, 3
2019/5/15, 21, 13, , 7, 2, 3
2019/5/16, 44, 21, , 9, 2, 4
2019/5/17, 54, 17, , 6, 2, 3
2019/5/18, 40, 11, , 5, 3, 3
2019/5/19, 33, 14, , 6, 2, 2
2019/5/20, 26, 11, , 13, 2, 3
2019/5/21, 31, 7, , 12, 2, 3
2019/5/22, 19, 6, , 10, 1, 3
2019/5/23, 20, 24, , 12, 1, 4
2019/5/24, 61, 25, , 9, 2, 5
2019/5/25, 62, 24, , 9, 2, 4
2019/5/26, 62, 23, , 9, 2, 3
2019/5/27, 42, 13, , 8, 2, 2
2019/5/28, 25, 10, , 5, 1, 2
2019/5/29, 24, 12, , 8, 1, 2
2019/5/30, 34, 20, , 10, 1, 4
2019/5/31, 57, 18, , 9, 1, 4
2019/6/1, 56, 14, , 5, 1, 3
2019/6/2, 45, 12, , 5, 2, 2
2019/6/3, 40, 17, , 6, 3, 3
2019/6/4, 41, 16, , 5, 4, 4
2019/6/5, 44, 15, , 6, 2, 3
2019/6/6, 32, 23, , 10, 2, 3
2019/6/7, 43, 22, , 6, 1, 3
2019/6/8, 44, 11, , 4, 1, 2
2019/6/9, 41, 18, , 5, 2, 3
2019/6/10, 54, 22, , 7, 2, 4
2019/6/11, 46, 23, , 7, 2, 3
2019/6/12, 38, 26, , 9, 2, 4
2019/6/13, 50, 26, , 7, 1, 4
2019/6/14, 53, 30, , 7, 2, 6
2019/6/15, 64, 20, , 4, 1, 4
2019/6/16, 40, 14, , 4, 1, 4
2019/6/17, 26, 23, , 6, 2, 4
2019/6/18, 54, 26, , 9, 2, 5
2019/6/19, 43, 18, , 6, 2, 5
2019/6/20, 34, 18, , 8, 2, 5
2019/6/21, 39, 19, , 3, 2, 4
2019/6/22, 46, 13, , 2, 2, 4
2019/6/23, 25, 16, , 4, 2, 4
2019/6/24, 37, 25, , 6, 2, 5
2019/6/25, 71, 25, , 10, 1, 6
2019/6/26, 62, 23, , 6, 2, 4
2019/6/27, 51, 15, , 7, 1, 4
2019/6/28, 33, 18, , 7, 2, 4
2019/6/29, 44, 16, , 10, 2, 5
2019/6/30, 44, 26, , 12, 2, 5
2019/1/1, 60, 8, , 8, 2, 6
2019/1/2, 34, 9, , 5, 3, 7
2019/1/3, 31, 19, , 21, 3, 7
2019/1/4, 99, 12, , 19, 3, 6
2019/1/5, 77, 11, , 5, 1, 6
2019/1/6, 39, 40, , 19, 2, 10
2019/1/7, 99, 39, , 23, 4, 12
2019/1/8, 105, 36, , 19, 2, 8
2019/1/9, 88, 62, , 12, 1, 6
2019/1/10, 138, 51, , 17, 1, 5
2019/1/11, 135, 23, , 12, 1, 4
2019/1/12, 66, 8, , 8, 2, 3
2019/1/13, 29, 9, , 8, 2, 2
2019/1/14, 24, 13, , 11, 1, 2
2019/1/15, 41, 16, , 14, 1, 3
2019/1/16, 46, 26, , 22, 2, 6
2019/1/17, 67, 11, , 12, , 3
2019/1/18, 27, 43, , 14, 1, 5
2019/1/19, 83, 73, , 13, , 9
2019/1/20, 161, 86, , 22, 1, 10
2019/1/21, 172, 72, , 17, 3, 10
2019/1/22, 165, 34, , 8, 2, 3
2019/1/23, 94, 25, , 9, 2, 4
2019/1/24, 71, 38, , 16, 2, 5
2019/1/25, 99, 46, , 15, 3, 4
2019/1/26, 110, 44, , 12, 4, 5
2019/1/27, 100, 46, , 25, 3, 10
2019/1/28, 126, 25, , 16, 2, 5
2019/1/29, 65, 48, , 15, 4, 8
2019/1/30, 106, 66, , 29, 12, 8
2019/1/31, 166, 54, , 27, 5, 13
2019/2/1, 140, 21, , 14, 6, 3
2019/2/2, 52, 40, , 13, 2, 7
2019/2/3, 106, 19, , 12, , 4
2019/2/4, 55, 31, , 16, 1, 8
2019/2/5, 86, 49, , 21, 1, 
2019/2/6, 105, 56, , 23, 3, 
2019/2/7, 140, 60, , 27, 2, 
2019/2/8, 132, 45, , 14, 2, 
2019/2/9, 108, 21, , 11, 2, 
2019/2/10, 55, 15, , 13, 1, 
2019/2/11, 37, 12, , 7, , 
2019/2/12, 31, 22, , 12, , 
2019/2/13, 61, 26, , 14, , 
2019/2/14, 75, 35, , 21, , 
2019/2/15, 86, 49, , 20, 3, 
2019/2/16, 117, 56, , 19, 3, 
2019/2/17, 123, 69, , 27, 4, 
2019/2/18, 141, 73, , 22, 5, 
2019/2/19, 143, 26, , 14, 2, 
2019/2/20, 63, 32, , 14, 2, 
2019/2/21, 68, 13, , 4, , 
2019/2/22, 31, 24, , 7, 1, 
2019/2/23, 63, 50, , 14, 4, 
2019/2/24, 114, 49, , 20, 7, 
2019/2/25, 103, 30, , 13, 4, 
2019/2/26, 75, 33, , 17, 2, 
2019/2/27, 81, 37, , 15, 5, 
2019/2/28, 72, 43, , 19, 3, 
2019/3/1, 114, 35, , 15, 3, 
2019/3/2, 75, 31, , 15, 4, 
2019/3/3, 80, 18, , 16, 5, 
2019/3/4, 27, 12, , 9, 2, 
2019/3/5, 19, 27, , 16, 1, 
2019/3/6, 55, 27, , 18, 3, 
2019/3/7, 53, 12, , 12, 2, 
2019/3/8, 25, 14, , 9, 3, 
2019/3/9, 32, 7, , 5, 3, 
2019/3/10, 21, 10, , 9, 2, 
2019/3/11, 29, 22, , 14, 2, 
2019/3/12, 60, 29, , 17, 3, 
2019/3/13, 48, 19, , 15, 3, 
2019/3/14, 39, 11, , 10, 4, 
2019/3/15, 23, 9, , 10, 3, 
2019/3/16, 31, 14, , 14, 4, 
2019/3/17, 43, 14, , 12, 3, 
2019/3/18, 39, 37, , 14, 3, 
2019/3/19, 71, 51, , 19, 3, 8
2019/3/20, 115, 50, , 21, 3, 7
2019/3/21, 110, 46, , 18, 3, 7
2019/3/22, 113, 36, , 10, 4, 8
2019/3/23, 106, 33, , 8, 3, 6
2019/3/24, 81, 18, , 12, 3, 5
2019/3/25, 46, 13, , 8, 2, 4
2019/3/26, 39, 21, , 15, 2, 5
2019/3/27, 53, 35, , 16, 2, 8
2019/3/28, 96, 29, , 18, 2, 9
2019/3/29, 113, 63, , 17, 6, 9
2019/3/30, 126, 38, , 8, 4, 7
2019/3/31, 92, 15, , 4, 3, 4
2018/10/1, 77, 20, , 13, 2, 6
2018/10/2, 43, 13, , 10, 2, 5
2018/10/3, 29, 20, , 15, 2, 6
2018/10/4, 48, 35, , 22, 2, 11
2018/10/5, 102, 23, , 11, 3, 8
2018/10/6, 82, 28, , 13, 3, 8
2018/10/7, 73, 13, , 7, 2, 6
2018/10/8, 45, 32, , 13, 3, 8
2018/10/9, 81, 38, , 11, 4, 10
2018/10/10, 106, 38, , 14, 5, 8
2018/10/11, 119, 42, , 15, 5, 7
2018/10/12, 109, 55, , 14, 4, 7
2018/10/13, 128, 31, , 10, 3, 7
2018/10/14, 110, 31, , 15, 4, 8
2018/10/15, 104, 42, , 15, 3, 8
2018/10/16, 113, 59, , 20, 4, 9
2018/10/17, 138, 57, , 24, 3, 10
2018/10/18, 145, 71, , 17, 3, 9
2018/10/19, 158, 44, , 11, 2, 5
2018/10/20, 110, 21, , 5, 2, 4
2018/10/21, 64, 32, , 12, 2, 7
2018/10/22, 117, 16, , 9, 3, 3
2018/10/23, 35, 8, , 4, 3, 2
2018/10/24, 15, 12, , 11, 3, 3
2018/10/25, 27, 26, , 25, 10, 7
2018/10/26, 71, 27, , 11, 4, 13
2018/10/27, 83, 11, , 4, 3, 21
2018/10/28, 40, 19, , 9, 5, 16
2018/10/29, 59, 25, , 12, 5, 11
2018/10/30, 42, 26, , 22, 3, 9
2018/10/31, 61, 35, , 10, 4, 5
2018/11/1, 92, 46, , 14, 3, 4
2018/11/2, 82, 40, , 7, 2, 4
2018/11/3, 91, 24, , 11, 2, 6
2018/11/4, 88, 34, , 11, 3, 5
2018/11/5, 104, 41, , 16, 5, 8
2018/11/6, 103, 44, 4, 22, 2, 13
2018/11/7, 153, 61, 6, 19, 4, 13
2018/11/8, 151, 58, 3, 13, 3, 13
2018/11/9, 160, 59, 5, 10, 4, 13
2018/11/10, 161, 50, 6, 10, 5, 12
2018/11/11, 148, 56, 7, 9, 4, 12
2018/11/12, 154, 42, 1, 15, 3, 12
2018/11/13, 137, 21, , 17, 2, 4
2018/11/14, 58, 19, , 9, 2, 3
2018/11/15, 56, 14, , 8, 2, 4
2018/11/16, 72, 35, , 11, 3, 5
2018/11/17, 108, 40, , 12, 4, 6
2018/11/18, 121, 28, , 6, 3, 5
2018/11/19, 76, 30, , 8, 4, 4
2018/11/20, 98, 24, , 6, 3, 4
2018/11/21, 73, 40, , 9, 3, 7
2018/11/22, 106, 55, , 12, 4, 7
2018/11/23, 145, 44, , 10, 4, 11
2018/11/24, 123, 46, , 9, 5, 10
2018/11/25, 109, 22, , 5, 4, 5
2018/11/26, 66, 21, , 20, 3, 6
2018/11/27, 87, 36, , 13, 3, 7
2018/11/28, 112, 30, , 12, 3, 7
2018/11/29, 110, 27, , 12, 5, 8
2018/11/30, 95, 59, , 13, 4, 10
2018/12/1, 146, 47, , 11, 6, 10
2018/12/2, 120, 40, , 20, 7, 11
2018/12/3, 87, 25, , 13, 6, 10
2018/12/4, 72, 34, , 18, 3, 8
2018/12/5, 77, 54, , 20, 5, 10
2018/12/6, 116, 41, , 19, 5, 11
2018/12/7, 101, 23, , 12, 5, 7
2018/12/8, 55, 8, , 9, 5, 6
2018/12/9, 25, 11, , 12, 4, 6
2018/12/10, 34, 22, , 25, 4, 9
2018/12/11, 78, 33, , 12, 3, 8
2018/12/12, 75, 50, , 14, 3, 9
2018/12/13, 124, 32, , 9, 3, 8
2018/12/14, 86, 19, , 7, 4, 7
2018/12/15, 68, 44, , 9, 4, 10
2018/12/16, 94, 82, , 21, 4, 19
2018/12/17, 177, 78, , 19, 5, 16
2018/12/18, 167, 49, , 15, 3, 12
2018/12/19, 125, 55, , 20, 5, 14
2018/12/20, 149, 32, , 23, 7, 13
2018/12/21, 99, 10, , 12, 6, 8
2018/12/22, 30, 18, , 11, 4, 9
2018/12/23, 53, 10, , 6, 4, 8
2018/12/24, 28, 15, , 6, 3, 8
2018/12/25, 53, 17, , 6, 3, 7
2018/12/26, 51, 16, , 9, 3, 8
2018/12/27, 52, 22, , 12, 3, 8
2018/12/28, 53, 16, , 10, 3, 8
2018/12/29, 47, 13, , 8, 3, 9
2018/12/30, 42, , , , , 
2018/7/1, 19, 7, , 8, 2, 3
2018/7/2, 33, 17, , 15, 4, 4
2018/7/3, 42, 20, , 17, 4, 5
2018/7/4, 50, 28, , 20, 3, 8
2018/7/5, 54, 25, , 20, 3, 9
2018/7/6, 58, 19, , 7, 2, 7
2018/7/7, 40, 18, , 5, 2, 6
2018/7/8, 44, 24, , 15, 3, 7
2018/7/9, 55, 25, , 11, 2, 7
2018/7/10, 49, 27, , 14, 2, 7
2018/7/11, 56, 17, , 10, 2, 6
2018/7/12, 39, 9, , 10, 2, 6
2018/7/13, 25, 14, , 7, 2, 6
2018/7/14, 36, 12, , 4, 2, 6
2018/7/15, 32, 14, , 13, 2, 7
2018/7/16, 38, 11, , 12, 2, 7
2018/7/17, 34, 7, , 9, 2, 7
2018/7/18, 20, 10, , 10, 2, 7
2018/7/19, 36, 18, , 10, 2, 7
2018/7/20, 51, 28, , 9, 2, 7
2018/7/21, 72, 27, , 7, 4, 7
2018/7/22, 66, 27, , 7, 2, 7
2018/7/23, 53, 26, , 8, 2, 6
2018/7/24, 47, 23, , 9, 2, 7
2018/7/25, 47, 12, , 7, 2, 7
2018/7/26, 34, 16, , 6, 4, 7
2018/7/27, 39, 20, , 6, 4, 9
2018/7/28, 56, 20, , 7, 2, 8
2018/7/29, 47, 14, , 9, 2, 7
2018/7/30, 59, 16, , 6, 4, 9
2018/7/31, 52, 20, , 5, 4, 7
2018/8/1, 49, 20, , 5, 4, 8
2018/8/2, 53, 24, , 9, 4, 8
2018/8/3, 60, 26, , 7, 2, 8
2018/8/4, 62, 20, , 8, 2, 7
2018/8/5, 50, 15, , 7, 2, 7
2018/8/6, 32, 17, , 7, 2, 7
2018/8/7, 42, 22, , 10, 5, 10
2018/8/8, 68, 24, , 13, 2, 8
2018/8/9, 60, 23, , 11, 2, 8
2018/8/10, 54, 14, , 7, 1, 7
2018/8/11, 30, 16, , 10, 2, 7
2018/8/12, 45, 20, , 14, 2, 7
2018/8/13, 50, 28, , 9, 2, 8
2018/8/14, 54, 14, , 5, 2, 7
2018/8/15, 34, 15, , 9, 2, 8
2018/8/16, 42, 23, , 9, 4, 7
2018/8/17, 68, 29, , 9, 3, 5
2018/8/18, 84, 31, , 18, 2, 6
2018/8/19, 74, 28, , 18, 2, 4
2018/8/20, 60, 18, , 8, 1, 3
2018/8/21, 32, 25, , 7, 2, 3
2018/8/22, 52, 25, , 13, 4, 7
2018/8/23, 81, 27, , 13, 2, 4
2018/8/24, 54, 22, , 9, 2, 3
2018/8/25, 35, 14, , 5, 2, 3
2018/8/26, 22, 18, , 21, 2, 5
2018/8/27, 52, 21, , 10, 2, 5
2018/8/28, 50, 24, , 10, 2, 5
2018/8/29, 72, 26, , 13, 2, 5
2018/8/30, 72, 26, , 12, 2, 5
2018/8/31, 59, 29, , 6, 3, 5
2018/9/1, 82, 31, , 8, 4, 6
2018/9/2, 84, 28, , 7, 4, 5
2018/9/3, 74, 22, , 10, 2, 4
2018/9/4, 50, 24, , 9, 2, 4
2018/9/5, 50, 29, , 11, 2, 6
2018/9/6, 63, 29, , 10, 4, 7
2018/9/7, 71, 32, , 16, 2, 7
2018/9/8, 92, 21, , 22, , 5
2018/9/9, 73, 29, , 16, 2, 6
2018/9/10, 72, 34, , 17, 2, 7
2018/9/11, 67, 35, , 18, 2, 7
2018/9/12, 66, 44, , 19, 3, 8
2018/9/13, 77, 31, , 11, 2, 5
2018/9/14, 58, 14, , 14, 1, 5
2018/9/15, 46, 23, , 7, 2, 5
2018/9/16, 53, 27, , 12, 2, 6
2018/9/17, 61, 28, , 10, 2, 7
2018/9/18, 63, 36, , 15, 2, 7
2018/9/19, 65, 37, , 15, 3, 7
2018/9/20, 81, 37, , 14, 3, 7
2018/9/21, 85, 17, , 11, 2, 5
2018/9/22, 36, 10, , 6, 2, 5
2018/9/23, 29, 9, , 7, 2, 4
2018/9/24, 19, 11, , 10, 1, 5
2018/9/25, 30, 20, , 13, 1, 5
2018/9/26, 52, 17, , 13, 1, 6
2018/9/27, 45, 21, , 10, 2, 7
2018/9/28, 50, 20, , 6, 1, 6
2018/9/29, 42, 24, , 17, 2, 8
2018/9/30, 89, 27, , 14, 3, 8
2018/5/14, 69, 16, , 14, 3, 6
2018/5/15, 62, 15, , 15, 3, 5
2018/5/16, 51, 16, , 16, , 5
2018/5/17, 38, 12, , 16, 2, 5
2018/5/18, 62, 30, , 8, 2, 5
2018/5/19, 48, 20, , 9, 2, 5
2018/5/20, 41, 14, , 18, 4, 6
2018/5/21, 60, 13, , 18, 4, 6
2018/5/22, 53, 17, , 14, 2, 6
2018/5/23, 51, 23, , 7, 2, 4
2018/5/24, 30, 15, , 11, 3, 5
2018/5/25, 42, 15, , 12, 3, 6
2018/5/26, 45, 21, , 10, 2, 6
2018/5/27, 53, 20, , 10, 4, 6
2018/5/28, 58, 27, , 18, 4, 7
2018/5/29, 66, 24, , 13, 3, 6
2018/5/30, 53, 28, , 10, 2, 6
2018/5/31, 56, 27, , 10, 3, 5
2018/6/1, 49, 22, , 10, 2, 5
2018/6/2, 47, 20, , 8, 2, 6
2018/6/3, 50, 21, , 15, 4, 6
2018/6/4, 73, 30, , 13, 3, 6
2018/6/5, 55, 27, , 12, 4, 5
2018/6/6, 40, 13, , 18, 7, 5
2018/6/7, 58, 18, , 15, 5, 6
2018/6/8, 54, 19, , 10, 3, 6
2018/6/9, 54, 22, , 9, 4, 6
2018/6/10, 57, 26, , 11, 3, 6
2018/6/11, 49, 24, , 12, 3, 7
2018/6/12, 51, 22, , 6, 2, 5
2018/6/13, 41, 19, , 8, 2, 5
2018/6/14, 34, 17, , 8, 1, 5
2018/6/15, 33, 13, , 8, 3, 6
2018/6/16, 48, 18, , 7, 3, 6
2018/6/17, 42, 13, , 14, 1, 7
2018/6/18, 46, 17, , 10, 1, 6
2018/6/19, 42, 20, , 12, 4, 5
2018/6/20, 57, 21, , 11, 5, 3
2018/6/21, 39, 27, , 10, 5, 3
2018/6/22, 32, 12, , 7, 5, 2
2018/6/23, 34, 11, , 6, 5, 2
2018/6/24, 28, 8, , 8, 2, 3
2018/6/25, 35, 11, , 7, 1, 3
2018/6/26, 28, 7, , 4, 1, 3
2018/6/27, 36, 13, , 6, 1, 3
2018/6/28, 36, 14, , 4, 2, 3
2018/6/29, 34, 22, , 2, 1, 2
2018/6/30, 18, 11, , 4, 1, 2
2025/12/31, , 16, , 6, 2, 
2024/12/31, , 38, , 11, 2, 
2024/1/6, , 13, , 2, , 
2023/6/28, , 13, , 7, 1, 
2023/6/29, , 17, , 10, 1, 
2022/3/26, , 17, , 6, 1, 
2021/10/4, , 26, , , , 
2021/10/5, , 21, , , , 
2021/10/6, , 33, , , , 
2021/10/7, , 38, , , , 
2021/10/8, , 29, , , , 
2021/10/9, , 34, , , , 
2021/10/10, , 49, , , , 
2021/10/11, , 29, , , , 
2021/10/12, , 14, , 12, 2, 2
2021/11/30, , 13, , 13, 3, 2
2021/12/25, , 48, , 12, 4, 9
2021/8/14, , 24, , 7, 1, 2
2021/8/15, , 18, , 8, 1, 2
2020/5/9, , 21, , , , 
2020/5/10, , 20, , , , 
2020/5/11, , 10, , , , 
2020/5/12, , 17, , 6, 2, 1
2020/1/1, , 25, , 28, 5, 8
2020/2/10, , 13, , , , 
2020/2/11, , 11, , , , 
2020/2/12, , 10, , , , 
2020/2/13, , 21, , , , 
2020/2/14, , 21, , , , 
2020/2/15, , 34, , , , 
2020/2/16, , 34, , , , 
2020/2/17, , 31, , , , 
2020/2/18, , 15, , , , 
2020/2/19, , 16, , , , 
2020/2/20, , 25, , , , 
2020/2/21, , 22, , , , 
2020/2/22, , 25, , , , 
2020/2/23, , 7, , 21, 2, 3
2018/12/31, , 19, , 8, 3, 7
2018/4/1, , 24, , , , 
2018/4/2, , 23, , , , 
2018/4/3, , 32, , , , 
2018/4/4, , 36, , , , 
2018/4/5, , 26, , , , 
2018/4/6, , 13, , , , 
2018/4/9, , 30, , , , 
2018/4/10, , 38, , , , 
2018/4/11, , 32, , , , 
2018/4/12, , 40, , , , 
2018/4/13, , 46, , , , 
2018/4/14, , 20, , , , 
2018/4/15, , 24, , , , 
2018/4/16, , 40, , , , 
2018/4/17, , 26, , , , 
2018/4/18, , 24, , , , 
2018/4/19, , 26, , , , 
2018/4/20, , 19, , , , 
2018/4/21, , 30, , , , 
2018/4/22, , 16, , , , 
2018/4/23, , 23, , , , 
2018/4/24, , 32, , , , 
2018/4/25, , 31, , , , 
2018/4/26, , 17, , , , 
2018/4/27, , 21, , , , 
2018/4/28, , 23, , , , 
2018/4/29, , 25, , , , 
2018/4/30, , 28, , , , 
2018/5/1, , 23, , , , 
2018/5/2, , 31, , , , 
2018/5/3, , 35, , , , 
2018/5/4, , 21, , , , 
2018/5/5, , 17, , , , 
2018/5/6, , 15, , , , 
2018/5/7, , 17, , , , 
2018/5/8, , 23, , , , 
2018/5/9, , 26, , , , 
2018/5/10, , 26, , , , 
2018/5/11, , 26, , , , 
2018/5/12, , 22, , , , 
2018/5/13, , 17, , 16, 3, 6
2018/1/1, , 34, , , , 
2018/1/2, , 50, , , , 
2018/1/3, , 20, , , , 
2018/1/4, , 22, , , , 
2018/1/5, , 28, , , , 
2018/1/6, , 57, , , , 
2018/1/7, , 35, , , , 
2018/1/8, , 21, , , , 
2018/1/9, , 32, , , , 
2018/1/10, , 46, , , , 
2018/1/11, , 49, , , , 
2018/1/12, , 28, , , , 
2018/1/13, , 22, , , , 
2018/1/14, , 22, , , , 
2018/1/15, , 52, , , , 
2018/1/16, , 38, , , , 
2018/1/17, , 16, , , , 
2018/1/18, , 19, , , , 
2018/1/19, , 23, , , , 
2018/1/20, , 58, , , , 
2018/1/21, , 53, , , , 
2018/1/22, , 54, , , , 
2018/1/23, , 59, , , , 
2018/1/24, , 71, , , , 
2018/1/25, , 61, , , , 
2018/1/26, , 92, , , , 
2018/1/27, , 102, , , , 
2018/1/28, , 41, , , , 
2018/1/29, , 11, , , , 
2018/1/30, , 12, , , , 
2018/1/31, , 40, , , , 
2018/2/1, , 40, , , , 
2018/2/2, , 33, , , , 
2018/2/3, , 72, , , , 
2018/2/4, , 47, , , , 
2018/2/5, , 22, , , , 
2018/2/6, , 56, , , , 
2018/2/7, , 58, , , , 
2018/2/8, , 60, , , , 
2018/2/9, , 63, , , , 
2018/2/10, , 65, , , , 
2018/2/11, , 57, , , , 
2018/2/12, , 68, , , , 
2018/2/13, , 61, , , , 
2018/2/14, , 38, , , , 
2018/2/15, , 49, , , , 
2018/2/16, , 62, , , , 
2018/2/17, , 72, , , , 
2018/2/18, , 44, , , , 
2018/2/19, , 34, , , , 
2018/2/20, , 53, , , , 
2018/2/21, , 47, , , , 
2018/2/22, , 34, , , , 
2018/2/23, , 40, , , , 
2018/2/24, , 38, , , , 
2018/2/25, , 36, , , , 
2018/2/26, , 46, , , , 
2018/2/27, , 38, , , , 
2018/2/28, , 39, , , , 
2018/3/1, , 81, , , , 
2018/3/2, , 69, , , , 
2018/3/3, , 72, , , , 
2018/3/4, , 94, , , , 
2018/3/5, , 78, , , , 
2018/3/6, , 67, , , , 
2018/3/7, , 65, , , , 
2018/3/8, , 42, , , , 
2018/3/9, , 43, , , , 
2018/3/10, , 63, , , , 
2018/3/11, , 45, , , , 
2018/3/12, , 27, , , , 
2018/3/13, , 20, , , , 
2018/3/14, , 37, , , , 
2018/3/15, , 30, , , , 
2018/3/16, , 31, , , , 
2018/3/17, , 18, , , , 
2018/3/18, , 23, , , , 
2018/3/19, , 27, , , , 
2018/3/20, , 37, , , , 
2018/3/21, , 35, , , , 
2018/3/22, , 47, , , , 
2018/3/23, , 70, , , , 
2018/3/24, , 66, , , , 
2018/3/25, , 62, , , , 
2018/3/26, , 53, , , , 
2018/3/27, , 50, , , , 
2018/3/28, , 37, , , , 
2018/3/29, , 40, , , , 
2018/3/30, , 36, , , , 
2018/3/31, , 25, , , , 
2017/10/1, , 35, , , , 
2017/10/2, , 38, , , , 
2017/10/3, , 27, , , , 
2017/10/4, , 18, , , , 
2017/10/5, , 19, , , , 
2017/10/6, , 11, , , , 
2017/10/7, , 19, , , , 
2017/10/8, , 12, , , , 
2017/10/9, , 23, , , , 
2017/10/10, , 19, , , , 
2017/10/11, , 16, , , , 
2017/10/12, , 20, , , , 
2017/10/13, , 27, , , , 
2017/10/14, , 38, , , , 
2017/10/15, , 25, , , , 
2017/10/16, , 36, , , , 
2017/10/17, , 45, , , , 
2017/10/18, , 46, , , , 
2017/10/19, , 55, , , , 
2017/10/20, , 58, , , , 
2017/10/21, , 55, , , , 
2017/10/22, , 36, , , , 
2017/10/23, , 20, , , , 
2017/10/24, , 15, , , , 
2017/10/25, , 27, , , , 
2017/10/26, , 19, , , , 
2017/10/27, , 17, , , , 
2017/10/28, , 12, , , , 
2017/10/29, , 8, , , , 
2017/10/30, , 13, , , , 
2017/10/31, , 24, , , , 
2017/11/1, , 16, , , , 
2017/11/2, , 19, , , , 
2017/11/3, , 30, , , , 
2017/11/4, , 42, , , , 
2017/11/5, , 27, , , , 
2017/11/6, , 40, , , , 
2017/11/7, , 43, , , , 
2017/11/8, , 28, , , , 
2017/11/9, , 59, , , , 
2017/11/10, , 35, , , , 
2017/11/11, , 13, , , , 
2017/11/12, , 15, , , , 
2017/11/13, , 22, , , , 
2017/11/14, , 33, , , , 
2017/11/15, , 61, , , , 
2017/11/16, , 63, , , , 
2017/11/17, , 61, , , , 
2017/11/18, , 41, , , , 
2017/11/19, , 17, , , , 
2017/11/20, , 16, , , , 
2017/11/21, , 31, , , , 
2017/11/22, , 34, , , , 
2017/11/23, , 45, , , , 
2017/11/24, , 67, , , , 
2017/11/25, , 54, , , , 
2017/11/26, , 24, , , , 
2017/11/27, , 57, , , , 
2017/11/28, , 49, , , , 
2017/11/29, , 66, , , , 
2017/11/30, , 33, , , , 
2017/12/1, , 44, , , , 
2017/12/2, , 68, , , , 
2017/12/3, , 40, , , , 
2017/12/4, , 28, , , , 
2017/12/5, , 21, , , , 
2017/12/6, , 21, , , , 
2017/12/7, , 31, , , , 
2017/12/8, , 31, , , , 
2017/12/9, , 35, , , , 
2017/12/10, , 18, , , , 
2017/12/11, , 12, , , , 
2017/12/12, , 16, , , , 
2017/12/13, , 43, , , , 
2017/12/14, , 24, , , , 
2017/12/15, , 30, , , , 
2017/12/16, , 56, , , , 
2017/12/17, , 59, , , , 
2017/12/18, , 55, , , , 
2017/12/19, , 40, , , , 
2017/12/20, , 60, , , , 
2017/12/21, , 40, , , , 
2017/12/22, , 23, , , , 
2017/12/23, , 17, , , , 
2017/12/24, , 12, , , , 
2017/12/25, , 26, , , , 
2017/12/26, , 64, , , , 
2017/12/27, , 49, , , , 
2017/12/28, , 27, , , , 
2017/12/29, , 30, , , , 
2017/12/30, , 43, , , , 
2017/12/31, , 55, , , , 
2017/7/1, , 10, , , , 
2017/7/2, , 7, , , , 
2017/7/3, , 13, , , , 
2017/7/4, , 22, , , , 
2017/7/5, , 16, , , , 
2017/7/6, , 14, , , , 
2017/7/7, , 17, , , , 
2017/7/8, , 18, , , , 
2017/7/9, , 16, , , , 
2017/7/10, , 16, , , , 
2017/7/11, , 14, , , , 
2017/7/12, , 15, , , , 
2017/7/13, , 13, , , , 
2017/7/14, , 19, , , , 
2017/7/15, , 17, , , , 
2017/7/16, , 16, , , , 
2017/7/17, , 17, , , , 
2017/7/18, , 20, , , , 
2017/7/19, , 22, , , , 
2017/7/20, , 24, , , , 
2017/7/21, , 19, , , , 
2017/7/22, , 17, , , , 
2017/7/23, , 13, , , , 
2017/7/24, , 14, , , , 
2017/7/25, , 12, , , , 
2017/7/26, , 12, , , , 
2017/7/27, , 10, , , , 
2017/7/28, , 15, , , , 
2017/7/29, , 21, , , , 
2017/7/30, , 17, , , , 
2017/7/31, , 22, , , , 
2017/8/1, , 26, , , , 
2017/8/2, , 33, , , , 
2017/8/3, , 33, , , , 
2017/8/4, , 29, , , , 
2017/8/5, , 24, , , , 
2017/8/6, , 15, , , , 
2017/8/7, , 14, , , , 
2017/8/8, , 15, , , , 
2017/8/9, , 18, , , , 
2017/8/10, , 35, , , , 
2017/8/11, , 29, , , , 
2017/8/12, , 11, , , , 
2017/8/13, , 12, , , , 
2017/8/14, , 12, , , , 
2017/8/16, , 21, , , , 
2017/8/17, , 15, , , , 
2017/8/18, , 25, , , , 
2017/8/19, , 16, , , , 
2017/8/20, , 8, , , , 
2017/8/21, , 15, , , , 
2017/8/22, , 16, , , , 
2017/8/23, , 16, , , , 
2017/8/24, , 22, , , , 
2017/8/25, , 28, , , , 
2017/8/26, , 32, , , , 
2017/8/27, , 22, , , , 
2017/8/28, , 13, , , , 
2017/8/29, , 18, , , , 
2017/8/30, , 21, , , , 
2017/8/31, , 26, , , , 
2017/9/1, , 26, , , , 
2017/9/2, , 6, , , , 
2017/9/3, , 6, , , , 
2017/9/4, , 11, , , , 
2017/9/5, , 15, , , , 
2017/9/10, , 19, , , , 
2017/9/11, , 21, , , , 
2017/9/12, , 11, , , , 
2017/9/13, , 17, , , , 
2017/9/14, , 11, , , , 
2017/9/15, , 11, , , , 
2017/9/16, , 13, , , , 
2017/9/17, , 17, , , , 
2017/9/18, , 15, , , , 
2017/9/19, , 24, , , , 
2017/9/20, , 10, , , , 
2017/9/21, , 11, , , , 
2017/9/22, , 14, , , , 
2017/9/23, , 15, , , , 
2017/9/24, , 15, , , , 
2017/9/25, , 16, , , , 
2017/9/26, , 24, , , , 
2017/9/27, , 28, , , , 
2017/9/28, , 26, , , , 
2017/9/29, , 40, , , , 
2017/9/30, , 38, , , , 
2017/4/4, , 27, , , , 
2017/4/5, , 37, , , , 
2017/4/6, , 17, , , , 
2017/4/7, , 19, , , , 
2017/4/8, , 14, , , , 
2017/4/9, , 33, , , , 
2017/4/10, , 34, , , , 
2017/4/11, , 21, , , , 
2017/4/12, , 26, , , , 
2017/4/13, , 14, , , , 
2017/4/14, , 24, , , , 
2017/4/15, , 33, , , , 
2017/4/16, , 14, , , , 
2017/4/17, , 21, , , , 
2017/4/18, , 14, , , , 
2017/4/19, , 15, , , , 
2017/4/20, , 17, , , , 
2017/4/21, , 31, , , , 
2017/4/22, , 20, , , , 
2017/4/23, , 17, , , , 
2017/4/24, , 23, , , , 
2017/4/25, , 24, , , , 
2017/4/26, , 17, , , , 
2017/4/27, , 14, , , , 
2017/4/28, , 14, , , , 
2017/4/29, , 29, , , , 
2017/4/30, , 25, , , , 
2017/5/1, , 21, , , , 
2017/5/2, , 22, , , , 
2017/5/3, , 28, , , , 
2017/5/4, , 24, , , , 
2017/5/5, , 19, , , , 
2017/5/6, , 29, , , , 
2017/5/7, , 30, , , , 
2017/5/8, , 15, , , , 
2017/5/9, , 11, , , , 
2017/5/10, , 29, , , , 
2017/5/11, , 32, , , , 
2017/5/12, , 22, , , , 
2017/5/13, , 28, , , , 
2017/5/14, , 19, , , , 
2017/5/15, , 21, , , , 
2017/5/16, , 25, , , , 
2017/5/17, , 21, , , , 
2017/5/18, , 21, , , , 
2017/5/19, , 22, , , , 
2017/5/20, , 30, , , , 
2017/5/21, , 18, , , , 
2017/5/22, , 20, , , , 
2017/5/23, , 27, , , , 
2017/5/24, , 19, , , , 
2017/5/25, , 16, , , , 
2017/5/26, , 19, , , , 
2017/5/27, , 15, , , , 
2017/5/28, , 18, , , , 
2017/5/29, , 16, , , , 
2017/5/30, , 25, , , , 
2017/5/31, , 14, , , , 
2017/6/1, , 18, , , , 
2017/6/2, , 21, , , , 
2017/6/3, , 20, , , , 
2017/6/4, , 18, , , , 
2017/6/5, , 12, , , , 
2017/6/6, , 15, , , , 
2017/6/7, , 11, , , , 
2017/6/8, , 15, , , , 
2017/6/9, , 18, , , , 
2017/6/10, , 21, , , , 
2017/6/12, , 12, , , , 
2017/6/13, , 20, , , , 
2017/6/14, , 14, , , , 
2017/6/15, , 17, , , , 
2017/6/16, , 15, , , , 
2017/6/17, , 8, , , , 
2017/6/18, , 15, , , , 
2017/6/19, , 17, , , , 
2017/6/20, , 23, , , , 
2017/6/21, , 12, , , , 
2017/6/22, , 23, , , , 
2017/6/23, , 17, , , , 
2017/6/24, , 23, , , , 
2017/6/25, , 25, , , , 
2017/6/26, , 15, , , , 
2017/6/27, , 13, , , , 
2017/6/28, , 20, , , , 
2017/6/29, , 19, , , , 
2017/6/30, , 14, , , , 
2017/1/9, , 92, , , , 
2017/1/10, , 101, , , , 
2017/1/11, , 149, , , , 
2017/1/12, , 35, , , , 
2017/1/13, , 37, , , , 
2017/1/14, , 32, , , , 
2017/1/15, , 43, , , , 
2017/1/16, , 90, , , , 
2017/1/17, , 67, , , , 
2017/1/18, , 38, , , , 
2017/1/19, , 63, , , , 
2017/1/20, , 90, , , , 
2017/1/21, , 52, , , , 
2017/1/22, , 58, , , , 
2017/1/23, , 90, , , , 
2017/1/24, , 62, , , , 
2017/1/25, , 102, , , , 
2017/1/26, , 71, , , , 
2017/1/27, , 131, , , , 
2017/1/28, , 123, , , , 
2017/1/29, , 136, , , , 
2017/1/30, , 178, , , , 
2017/1/31, , 124, , , , 
2017/2/1, , 105, , , , 
2017/2/2, , 104, , , , 
2017/2/3, , 101, , , , 
2017/2/4, , 63, , , , 
2017/2/5, , 64, , , , 
2017/2/6, , 62, , , , 
2017/2/7, , 39, , , , 
2017/2/8, , 33, , , , 